Timestamp,Value
2014-08-26,66.96000000000001
2014-08-27,64.58416666666666
2014-08-28,64.08833333333332
2014-08-29,60.9925
2014-08-30,59.635416666666664
2014-08-31,58.55041666666667
2014-09-01,57.115833333333335
2014-09-02,55.95916666666667
2014-09-03,57.71125
2014-09-04,58.55875
2014-09-05,53.590833333333336
2014-09-06,51.41
2014-09-07,50.202916666666674
2014-09-08,48.93
2014-09-09,47.86875
2014-09-10,46.27875
2014-09-11,42.17458333333334
2014-09-12,46.60125
2014-09-13,36.969166666666666
2014-09-14,37.718333333333334
2014-09-15,38.54916666666667
2014-09-16,39.955
2014-09-17,42.28333333333333
2014-09-18,39.248333333333335
2014-09-19,36.37625
2014-09-20,38.28541666666667
2014-09-21,39.19041666666667
2014-09-22,39.22416666666667
2014-09-23,38.8225
2014-09-24,37.76541666666667
2014-09-25,36.6025
2014-09-26,35.479166666666664
2014-09-27,35.02166666666667
2014-09-28,35.026666666666664
2014-09-29,33.97208333333334
2014-09-30,28.322083333333335
2014-10-01,27.296666666666667
2014-10-02,29.993750000000002
2014-10-03,30.63291666666667
2014-10-04,32.57416666666666
2014-10-05,34.562916666666666
2014-10-06,34.08875
2014-10-07,28.683333333333334
2014-10-08,32.38
2014-10-09,33.57208333333333
2014-10-10,33.72875
2014-10-11,33.53666666666667
2014-10-12,32.0175
2014-10-13,28.554166666666664
2014-10-14,30.12875
2014-10-15,32.40875
2014-10-16,34.47375
2014-10-17,33.3375
2014-10-18,28.00375
2014-10-19,31.316666666666666
2014-10-20,34.42583333333334
2014-10-21,32.245416666666664
2014-10-22,30.807916666666667
2014-10-23,33.81916666666667
2014-10-24,34.74125
2014-10-25,34.9225
2014-10-26,34.95583333333333
2014-10-27,31.0425
2014-10-28,25.339166666666667
2014-10-29,29.54125
2014-10-30,29.2025
2014-10-31,30.608333333333334
2014-11-01,27.617500000000003
2014-11-02,23.312916666666666
2014-11-03,22.022916666666664
2014-11-04,21.375
2014-11-05,20.842916666666667
2014-11-06,20.323333333333334
2014-11-07,19.367916666666666
2014-11-08,19.337500000000002
2014-11-09,19.361666666666668
2014-11-10,19.79125
2014-11-11,19.81125
2014-11-12,19.5325
2014-11-13,19.558333333333334
2014-11-14,19.58875
2014-11-15,19.614166666666666
2014-11-16,18.974999999999998
2014-11-17,19.101666666666667
2014-11-18,22.396666666666665
2014-11-19,20.512083333333333
2014-11-20,26.537916666666664
2014-11-21,25.49791666666667
2014-11-22,29.042083333333334
2014-11-23,30.648333333333337
2014-11-24,31.153750000000002
2014-11-25,30.29041666666667
2014-11-26,30.879166666666666
2014-11-27,31.369583333333335
2014-11-28,26.115
2014-11-29,24.413749999999997
2014-11-30,29.400000000000002
2014-12-01,29.290833333333335
2014-12-02,23.847083333333334
2014-12-03,23.786666666666665
2014-12-04,24.449166666666667
2014-12-05,24.890416666666667
2014-12-06,24.950416666666666
2014-12-07,25.947916666666668
2014-12-08,25.656666666666666
2014-12-09,25.100416666666664
2014-12-10,25.477083333333336
2014-12-11,29.1975
2014-12-12,46.7175
2014-12-13,53.73374999999999
2014-12-14,42.90625
2014-12-15,39.739583333333336
2014-12-16,38.532916666666665
2014-12-17,43.625416666666666
2014-12-18,44.05916666666667
2014-12-19,42.94166666666666
2014-12-20,44.729166666666664
2014-12-21,43.21083333333333
2014-12-22,41.94416666666667
2014-12-23,40.07625
2014-12-24,38.74708333333333
2014-12-25,37.391666666666666
2014-12-26,33.37916666666667
2014-12-27,31.412499999999998
2014-12-28,30.951666666666668
2014-12-29,28.684583333333332
2014-12-30,30.834166666666665
2014-12-31,35.02916666666667
2015-01-01,32.79333333333333
2015-01-02,33.28041666666667
2015-01-03,33.37
2015-01-04,28.159166666666668
2015-01-05,26.971666666666668
2015-01-06,26.390833333333333
2015-01-07,26.2325
2015-01-08,26.609583333333333
2015-01-09,31.156666666666666
2015-01-10,30.656666666666666
2015-01-11,26.9275
2015-01-12,31.822083333333335
2015-01-13,29.915833333333335
2015-01-14,30.833333333333332
2015-01-15,26.252499999999998
2015-01-16,25.379583333333333
2015-01-17,24.422083333333333
2015-01-18,27.959166666666665
2015-01-19,32.467083333333335
2015-01-20,33.16416666666667
2015-01-21,33.0225
2015-01-22,31.0175
2015-01-23,29.20875
2015-01-24,32.474583333333335
2015-01-25,27.074583333333333
2015-01-26,25.28708333333333
2015-01-27,24.62375
2015-01-28,24.390833333333333
2015-01-29,24.27
2015-01-30,25.504166666666666
2015-01-31,31.8575
2015-02-01,30.552083333333332
2015-02-02,30.722916666666666
2015-02-03,32.93958333333334
2015-02-04,33.07
2015-02-05,31.615
2015-02-06,25.94
2015-02-07,30.471666666666668
2015-02-08,46.901250000000005
2015-02-09,46.7925
2015-02-10,46.79708333333334
2015-02-11,42.87708333333333
2015-02-12,40.24375
2015-02-13,33.78041666666667
2015-02-14,30.941666666666666
2015-02-15,29.93958333333333
2015-02-16,32.147083333333335
2015-02-17,34.66625
2015-02-18,34.0025
2015-02-19,33.75791666666667
2015-02-20,32.437916666666666
2015-02-21,29.050833333333333
2015-02-22,27.80541666666667
2015-02-23,27.607916666666668
2015-02-24,33.75666666666667
2015-02-25,33.766666666666666
2015-02-26,28.659166666666668
2015-02-27,27.317083333333333
2015-02-28,26.936666666666667
2015-03-01,26.690416666666668
2015-03-02,26.5675
2015-03-03,26.400000000000002
2015-03-04,25.54041666666667
2015-03-05,25.602083333333336
2015-03-06,30.707083333333333
2015-03-07,26.80333333333333
2015-03-08,25.89708333333333
2015-03-09,25.781666666666666
2015-03-10,31.72791666666667
2015-03-11,31.62708333333333
2015-03-12,27.745
2015-03-13,33.08391304347826
2015-03-14,33.26375
2015-03-15,27.8075
2015-03-16,30.903333333333332
2015-03-17,32.990833333333335
2015-03-18,33.42666666666667
2015-03-19,31.89
2015-03-20,32.31375
2015-03-21,33.13916666666667
2015-03-22,27.71375
2015-03-23,27.521666666666665
2015-03-24,25.40416666666667
2015-03-25,31.01125
2015-03-26,32.735416666666666
2015-03-27,33.026666666666664
2015-03-28,33.0575
2015-03-29,33.059999999999995
2015-03-30,31.4575
2015-03-31,27.674583333333334
2015-04-01,30.926666666666666
2015-04-02,31.527083333333334
2015-04-03,31.430000000000003
2015-04-04,32.816250000000004
2015-04-05,32.92041666666667
2015-04-06,33.035833333333336
2015-04-07,33.07625
2015-04-08,33.29416666666666
2015-04-09,31.136666666666667
2015-04-10,32.27458333333333
2015-04-11,33.04875
2015-04-12,31.181250000000002
2015-04-13,31.353333333333335
2015-04-14,32.702083333333334
2015-04-15,30.500833333333333
2015-04-16,31.450416666666666
2015-04-17,30.429999999999996
2015-04-18,26.102500000000003
2015-04-19,30.982916666666668
2015-04-20,31.01375
2015-04-21,27.103333333333335
2015-04-22,26.072083333333335
2015-04-23,30.038749999999997
2015-04-24,28.32375
2015-04-25,28.95958333333333
2015-04-26,27.9275
2015-04-27,26.61125
2015-04-28,29.10291666666667
2015-04-29,31.875
2015-04-30,30.254583333333333
2015-05-01,25.93166666666667
2015-05-02,29.800416666666667
2015-05-03,30.374583333333334
2015-05-04,25.255
2015-05-05,25.263333333333335
2015-05-06,27.207083333333333
2015-05-07,24.906666666666666
2015-05-08,29.665000000000003
2015-05-09,25.79625
2015-05-10,23.507916666666663
2015-05-11,22.537916666666664
2015-05-12,22.133333333333336
2015-05-13,22.5975
2015-05-14,23.232916666666668
2015-05-15,27.267083333333332
2015-05-16,26.174166666666665
2015-05-17,24.495416666666667
2015-05-18,24.65416666666667
2015-05-19,29.406666666666666
2015-05-20,30.943749999999998
2015-05-21,30.548333333333332
2015-05-22,30.764166666666668
2015-05-23,31.352500000000003
2015-05-24,25.678749999999997
2015-05-25,23.757916666666663
2015-05-26,22.639166666666668
2015-05-27,22.139583333333334
2015-05-28,21.745416666666667
2015-05-29,21.9225
2015-05-30,26.242500000000003
2015-05-31,29.897916666666664
2015-06-01,30.845652173913045
2015-06-02,28.323333333333334
2015-06-03,29.382499999999997
2015-06-04,25.152916666666666
2015-06-05,29.372083333333336
2015-06-06,31.082916666666666
2015-06-07,31.45958333333333
2015-06-08,31.568749999999998
2015-06-09,31.582916666666666
2015-06-10,30.194166666666664
2015-06-11,29.365
2015-06-12,31.23708333333333
2015-06-13,31.56041666666667
2015-06-14,31.443749999999998
2015-06-15,31.265833333333333
2015-06-16,26.39833333333333
2015-06-17,27.95041666666667
2015-06-18,29.257499999999997
2015-06-19,24.22083333333333
2015-06-20,23.81958333333333
2015-06-21,28.397499999999997
2015-06-22,28.3425
2015-06-23,25.536666666666665
2015-06-24,22.291666666666668
2015-06-25,25.323333333333334
2015-06-26,27.529583333333335
2015-06-27,28.831666666666667
2015-06-28,27.012916666666666
2015-06-29,23.034166666666668
2015-06-30,27.28708333333333
2015-07-01,29.767916666666665
2015-07-02,29.59958333333333
2015-07-03,29.6075
2015-07-04,30.370833333333334
2015-07-05,29.313333333333333
2015-07-06,32.98291666666667
2015-07-07,33.25416666666667
2015-07-08,31.449166666666667
2015-07-09,26.72047619047619
2015-07-10,
2015-07-11,
2015-07-12,
2015-07-13,
2015-07-14,
2015-07-15,
2015-07-16,
2015-07-17,
2015-07-18,
2015-07-19,
2015-07-20,
2015-07-21,
2015-07-22,
2015-07-23,
2015-07-24,
2015-07-25,
2015-07-26,
2015-07-27,
2015-07-28,
2015-07-29,
2015-07-30,
2015-07-31,
2015-08-01,
2015-08-02,
2015-08-03,
2015-08-04,
2015-08-05,
2015-08-06,
2015-08-07,
2015-08-08,
2015-08-09,
2015-08-10,
2015-08-11,
2015-08-12,
2015-08-13,
2015-08-14,
2015-08-15,
2015-08-16,
2015-08-17,
2015-08-18,
2015-08-19,
2015-08-20,
2015-08-21,
2015-08-22,
2015-08-23,
2015-08-24,
2015-08-25,
2015-08-26,
2015-08-27,
2015-08-28,
2015-08-29,
2015-08-30,
2015-08-31,
2015-09-01,
2015-09-02,
2015-09-03,
2015-09-04,
2015-09-05,
2015-09-06,
2015-09-07,
2015-09-08,
2015-09-09,
2015-09-10,
2015-09-11,
2015-09-12,
2015-09-13,
2015-09-14,
2015-09-15,
2015-09-16,
2015-09-17,
2015-09-18,
2015-09-19,
2015-09-20,
2015-09-21,
2015-09-22,
2015-09-23,
2015-09-24,
2015-09-25,
2015-09-26,
2015-09-27,
2015-09-28,
2015-09-29,
2015-09-30,
2015-10-01,
2015-10-02,
2015-10-03,
2015-10-04,
2015-10-05,
2015-10-06,
2015-10-07,
2015-10-08,
2015-10-09,
2015-10-10,
2015-10-11,
2015-10-12,
2015-10-13,
2015-10-14,
2015-10-15,
2015-10-16,
2015-10-17,
2015-10-18,
2015-10-19,
2015-10-20,
2015-10-21,
2015-10-22,
2015-10-23,
2015-10-24,
2015-10-25,
2015-10-26,
2015-10-27,
2015-10-28,
2015-10-29,
2015-10-30,
2015-10-31,
2015-11-01,
2015-11-02,
2015-11-03,
2015-11-04,
2015-11-05,
2015-11-06,
2015-11-07,
2015-11-08,
2015-11-09,
2015-11-10,
2015-11-11,
2015-11-12,
2015-11-13,
2015-11-14,
2015-11-15,
2015-11-16,
2015-11-17,
2015-11-18,
2015-11-19,
2015-11-20,
2015-11-21,
2015-11-22,
2015-11-23,
2015-11-24,
2015-11-25,
2015-11-26,
2015-11-27,
2015-11-28,
2015-11-29,
2015-11-30,
2015-12-01,
2015-12-02,
2015-12-03,
2015-12-04,
2015-12-05,
2015-12-06,
2015-12-07,
2015-12-08,
2015-12-09,
2015-12-10,
2015-12-11,
2015-12-12,
2015-12-13,
2015-12-14,
2015-12-15,
2015-12-16,
2015-12-17,
2015-12-18,
2015-12-19,
2015-12-20,
2015-12-21,
2015-12-22,
2015-12-23,
2015-12-24,
2015-12-25,
2015-12-26,
2015-12-27,
2015-12-28,
2015-12-29,
2015-12-30,
2015-12-31,
2016-01-01,
2016-01-02,
2016-01-03,
2016-01-04,
2016-01-05,
2016-01-06,
2016-01-07,
2016-01-08,
2016-01-09,
2016-01-10,
2016-01-11,
2016-01-12,
2016-01-13,
2016-01-14,
2016-01-15,
2016-01-16,
2016-01-17,
2016-01-18,
2016-01-19,
2016-01-20,
2016-01-21,
2016-01-22,
2016-01-23,
2016-01-24,
2016-01-25,
2016-01-26,
2016-01-27,
2016-01-28,
2016-01-29,
2016-01-30,
2016-01-31,
2016-02-01,
2016-02-02,
2016-02-03,
2016-02-04,
2016-02-05,
2016-02-06,
2016-02-07,
2016-02-08,
2016-02-09,
2016-02-10,
2016-02-11,
2016-02-12,
2016-02-13,
2016-02-14,
2016-02-15,
2016-02-16,
2016-02-17,
2016-02-18,
2016-02-19,
2016-02-20,
2016-02-21,
2016-02-22,
2016-02-23,
2016-02-24,
2016-02-25,
2016-02-26,
2016-02-27,
2016-02-28,
2016-02-29,
2016-03-01,
2016-03-02,
2016-03-03,
2016-03-04,
2016-03-05,
2016-03-06,
2016-03-07,
2016-03-08,
2016-03-09,
2016-03-10,
2016-03-11,
2016-03-12,
2016-03-13,
2016-03-14,
2016-03-15,
2016-03-16,
2016-03-17,
2016-03-18,
2016-03-19,
2016-03-20,
2016-03-21,
2016-03-22,
2016-03-23,
2016-03-24,
2016-03-25,
2016-03-26,
2016-03-27,
2016-03-28,
2016-03-29,
2016-03-30,
2016-03-31,
2016-04-01,
2016-04-02,
2016-04-03,
2016-04-04,
2016-04-05,
2016-04-06,
2016-04-07,
2016-04-08,
2016-04-09,
2016-04-10,
2016-04-11,
2016-04-12,
2016-04-13,
2016-04-14,
2016-04-15,
2016-04-16,
2016-04-17,
2016-04-18,
2016-04-19,
2016-04-20,
2016-04-21,
2016-04-22,
2016-04-23,
2016-04-24,
2016-04-25,
2016-04-26,
2016-04-27,
2016-04-28,
2016-04-29,
2016-04-30,
2016-05-01,
2016-05-02,
2016-05-03,
2016-05-04,
2016-05-05,
2016-05-06,
2016-05-07,
2016-05-08,
2016-05-09,
2016-05-10,
2016-05-11,
2016-05-12,
2016-05-13,
2016-05-14,
2016-05-15,
2016-05-16,
2016-05-17,
2016-05-18,
2016-05-19,
2016-05-20,
2016-05-21,
2016-05-22,
2016-05-23,
2016-05-24,
2016-05-25,
2016-05-26,
2016-05-27,
2016-05-28,
2016-05-29,
2016-05-30,
2016-05-31,
2016-06-01,
2016-06-02,
2016-06-03,
2016-06-04,
2016-06-05,
2016-06-06,
2016-06-07,
2016-06-08,
2016-06-09,
2016-06-10,
2016-06-11,
2016-06-12,
2016-06-13,
2016-06-14,
2016-06-15,
2016-06-16,
2016-06-17,
2016-06-18,
2016-06-19,
2016-06-20,
2016-06-21,
2016-06-22,
2016-06-23,
2016-06-24,
2016-06-25,
2016-06-26,
2016-06-27,
2016-06-28,
2016-06-29,
2016-06-30,
2016-07-01,
2016-07-02,
2016-07-03,
2016-07-04,
2016-07-05,
2016-07-06,
2016-07-07,
2016-07-08,
2016-07-09,
2016-07-10,
2016-07-11,
2016-07-12,
2016-07-13,
2016-07-14,
2016-07-15,
2016-07-16,
2016-07-17,
2016-07-18,
2016-07-19,
2016-07-20,
2016-07-21,
2016-07-22,
2016-07-23,
2016-07-24,
2016-07-25,
2016-07-26,
2016-07-27,
2016-07-28,
2016-07-29,
2016-07-30,
2016-07-31,
2016-08-01,
2016-08-02,
2016-08-03,
2016-08-04,
2016-08-05,
2016-08-06,
2016-08-07,
2016-08-08,
2016-08-09,
2016-08-10,
2016-08-11,
2016-08-12,
2016-08-13,
2016-08-14,
2016-08-15,
2016-08-16,
2016-08-17,
2016-08-18,
2016-08-19,
2016-08-20,
2016-08-21,
2016-08-22,
2016-08-23,
2016-08-24,
2016-08-25,
2016-08-26,
2016-08-27,
2016-08-28,
2016-08-29,
2016-08-30,
2016-08-31,
2016-09-01,
2016-09-02,
2016-09-03,
2016-09-04,
2016-09-05,
2016-09-06,
2016-09-07,
2016-09-08,
2016-09-09,
2016-09-10,
2016-09-11,
2016-09-12,
2016-09-13,
2016-09-14,
2016-09-15,
2016-09-16,
2016-09-17,
2016-09-18,
2016-09-19,
2016-09-20,
2016-09-21,
2016-09-22,
2016-09-23,
2016-09-24,
2016-09-25,
2016-09-26,
2016-09-27,
2016-09-28,
2016-09-29,
2016-09-30,
2016-10-01,
2016-10-02,
2016-10-03,
2016-10-04,
2016-10-05,
2016-10-06,
2016-10-07,
2016-10-08,
2016-10-09,
2016-10-10,
2016-10-11,
2016-10-12,
2016-10-13,
2016-10-14,
2016-10-15,
2016-10-16,
2016-10-17,
2016-10-18,
2016-10-19,
2016-10-20,
2016-10-21,
2016-10-22,
2016-10-23,
2016-10-24,
2016-10-25,
2016-10-26,
2016-10-27,
2016-10-28,
2016-10-29,
2016-10-30,
2016-10-31,
2016-11-01,
2016-11-02,
2016-11-03,
2016-11-04,
2016-11-05,
2016-11-06,
2016-11-07,
2016-11-08,
2016-11-09,
2016-11-10,
2016-11-11,
2016-11-12,
2016-11-13,
2016-11-14,
2016-11-15,
2016-11-16,
2016-11-17,
2016-11-18,
2016-11-19,
2016-11-20,
2016-11-21,
2016-11-22,
2016-11-23,
2016-11-24,
2016-11-25,
2016-11-26,
2016-11-27,
2016-11-28,
2016-11-29,
2016-11-30,
2016-12-01,
2016-12-02,
2016-12-03,
2016-12-04,
2016-12-05,
2016-12-06,
2016-12-07,
2016-12-08,
2016-12-09,
2016-12-10,
2016-12-11,
2016-12-12,
2016-12-13,
2016-12-14,
2016-12-15,
2016-12-16,
2016-12-17,
2016-12-18,
2016-12-19,
2016-12-20,
2016-12-21,
2016-12-22,
2016-12-23,
2016-12-24,
2016-12-25,
2016-12-26,
2016-12-27,
2016-12-28,
2016-12-29,
2016-12-30,
2016-12-31,
2017-01-01,
2017-01-02,
2017-01-03,
2017-01-04,
2017-01-05,
2017-01-06,
2017-01-07,
2017-01-08,
2017-01-09,
2017-01-10,
2017-01-11,
2017-01-12,
2017-01-13,
2017-01-14,
2017-01-15,
2017-01-16,
2017-01-17,
2017-01-18,
2017-01-19,
2017-01-20,
2017-01-21,
2017-01-22,
2017-01-23,
2017-01-24,
2017-01-25,
2017-01-26,
2017-01-27,
2017-01-28,
2017-01-29,
2017-01-30,
2017-01-31,
2017-02-01,
2017-02-02,
2017-02-03,
2017-02-04,
2017-02-05,
2017-02-06,
2017-02-07,
2017-02-08,
2017-02-09,
2017-02-10,
2017-02-11,
2017-02-12,
2017-02-13,
2017-02-14,
2017-02-15,
2017-02-16,
2017-02-17,
2017-02-18,
2017-02-19,
2017-02-20,
2017-02-21,
2017-02-22,
2017-02-23,
2017-02-24,
2017-02-25,
2017-02-26,
2017-02-27,
2017-02-28,
2017-03-01,
2017-03-02,
2017-03-03,
2017-03-04,
2017-03-05,
2017-03-06,
2017-03-07,
2017-03-08,
2017-03-09,
2017-03-10,
2017-03-11,
2017-03-12,
2017-03-13,
2017-03-14,
2017-03-15,
2017-03-16,
2017-03-17,
2017-03-18,
2017-03-19,
2017-03-20,
2017-03-21,
2017-03-22,
2017-03-23,
2017-03-24,
2017-03-25,
2017-03-26,
2017-03-27,
2017-03-28,
2017-03-29,
2017-03-30,
2017-03-31,
2017-04-01,
2017-04-02,
2017-04-03,
2017-04-04,
2017-04-05,
2017-04-06,
2017-04-07,
2017-04-08,
2017-04-09,
2017-04-10,
2017-04-11,
2017-04-12,
2017-04-13,
2017-04-14,
2017-04-15,
2017-04-16,
2017-04-17,
2017-04-18,
2017-04-19,
2017-04-20,
2017-04-21,
2017-04-22,
2017-04-23,
2017-04-24,
2017-04-25,
2017-04-26,
2017-04-27,
2017-04-28,
2017-04-29,
2017-04-30,
2017-05-01,
2017-05-02,
2017-05-03,
2017-05-04,
2017-05-05,
2017-05-06,
2017-05-07,
2017-05-08,
2017-05-09,
2017-05-10,
2017-05-11,
2017-05-12,
2017-05-13,
2017-05-14,
2017-05-15,
2017-05-16,
2017-05-17,
2017-05-18,
2017-05-19,
2017-05-20,
2017-05-21,
2017-05-22,
2017-05-23,
2017-05-24,
2017-05-25,
2017-05-26,
2017-05-27,
2017-05-28,
2017-05-29,
2017-05-30,
2017-05-31,
2017-06-01,
2017-06-02,
2017-06-03,
2017-06-04,
2017-06-05,
2017-06-06,
2017-06-07,
2017-06-08,
2017-06-09,
2017-06-10,
2017-06-11,
2017-06-12,
2017-06-13,
2017-06-14,
2017-06-15,
2017-06-16,
2017-06-17,
2017-06-18,
2017-06-19,
2017-06-20,
2017-06-21,
2017-06-22,
2017-06-23,
2017-06-24,
2017-06-25,
2017-06-26,
2017-06-27,
2017-06-28,
2017-06-29,
2017-06-30,
2017-07-01,
2017-07-02,
2017-07-03,
2017-07-04,
2017-07-05,
2017-07-06,
2017-07-07,
2017-07-08,
2017-07-09,
2017-07-10,
2017-07-11,
2017-07-12,
2017-07-13,
2017-07-14,
2017-07-15,
2017-07-16,
2017-07-17,
2017-07-18,
2017-07-19,
2017-07-20,
2017-07-21,
2017-07-22,
2017-07-23,
2017-07-24,
2017-07-25,
2017-07-26,
2017-07-27,
2017-07-28,
2017-07-29,
2017-07-30,
2017-07-31,
2017-08-01,
2017-08-02,
2017-08-03,
2017-08-04,
2017-08-05,
2017-08-06,
2017-08-07,
2017-08-08,
2017-08-09,
2017-08-10,
2017-08-11,
2017-08-12,
2017-08-13,
2017-08-14,
2017-08-15,
2017-08-16,
2017-08-17,
2017-08-18,
2017-08-19,
2017-08-20,
2017-08-21,
2017-08-22,
2017-08-23,
2017-08-24,
2017-08-25,
2017-08-26,
2017-08-27,
2017-08-28,
2017-08-29,
2017-08-30,
2017-08-31,
2017-09-01,
2017-09-02,
2017-09-03,
2017-09-04,
2017-09-05,
2017-09-06,
2017-09-07,
2017-09-08,
2017-09-09,
2017-09-10,
2017-09-11,
2017-09-12,
2017-09-13,
2017-09-14,
2017-09-15,
2017-09-16,
2017-09-17,
2017-09-18,
2017-09-19,
2017-09-20,
2017-09-21,
2017-09-22,
2017-09-23,
2017-09-24,
2017-09-25,
2017-09-26,
2017-09-27,
2017-09-28,
2017-09-29,
2017-09-30,
2017-10-01,
2017-10-02,20.826
2017-10-03,18.305
2017-10-04,20.96625
2017-10-05,21.739583333333332
2017-10-06,16.77125
2017-10-07,22.292083333333334
2017-10-08,17.3725
2017-10-09,17.745833333333334
2017-10-10,15.540833333333333
2017-10-11,13.69625
2017-10-12,13.967916666666667
2017-10-13,18.320416666666667
2017-10-14,18.8275
2017-10-15,15.211666666666666
2017-10-16,25.005
2017-10-17,25.20375
2017-10-18,25.212500000000002
2017-10-19,25.079583333333332
2017-10-20,22.684166666666666
2017-10-21,23.288749999999997
2017-10-22,26.43541666666667
2017-10-23,25.741666666666664
2017-10-24,27.075416666666666
2017-10-25,24.971249999999998
2017-10-26,20.94666666666667
2017-10-27,23.638333333333332
2017-10-28,24.230416666666667
2017-10-29,24.87375
2017-10-30,24.58875
2017-10-31,24.799166666666665
2017-11-01,24.288749999999997
2017-11-02,22.580416666666665
2017-11-03,25.462500000000002
2017-11-04,18.259583333333335
2017-11-05,25.63875
2017-11-06,25.965833333333332
2017-11-07,25.80875
2017-11-08,30.59958333333333
2017-11-09,32.33708333333333
2017-11-10,32.52041666666667
2017-11-11,33.615
2017-11-12,27.534166666666668
2017-11-13,30.19541666666667
2017-11-14,32.274166666666666
2017-11-15,33.348333333333336
2017-11-16,34.410833333333336
2017-11-17,31.154583333333335
2017-11-18,32.515
2017-11-19,30.12375
2017-11-20,34.09458333333333
2017-11-21,34.949999999999996
2017-11-22,34.15625
2017-11-23,34.80916666666666
2017-11-24,35.274166666666666
2017-11-25,35.23791666666667
2017-11-26,33.39041666666667
2017-11-27,31.95958333333333
2017-11-28,34.82458333333333
2017-11-29,35.6175
2017-11-30,33.41125
2017-12-01,35.02458333333333
2017-12-02,35.373749999999994
2017-12-03,34.888749999999995
2017-12-04,23.88416666666667
2017-12-05,23.20875
2017-12-06,29.445416666666663
2017-12-07,32.36375
2017-12-08,32.99458333333333
2017-12-09,31.90625
2017-12-10,34.349583333333335
2017-12-11,28.56458333333333
2017-12-12,30.5675
2017-12-13,33.9525
2017-12-14,34.115833333333335
2017-12-15,28.220416666666665
2017-12-16,31.079166666666666
2017-12-17,34.0175
2017-12-18,31.50208333333333
2017-12-19,29.98875
2017-12-20,33.655
2017-12-21,31.400833333333335
2017-12-22,33.81125
2017-12-23,34.44875
2017-12-24,32.19041666666667
2017-12-25,31.394583333333333
2017-12-26,33.84166666666667
2017-12-27,34.32041666666667
2017-12-28,32.07125
2017-12-29,27.472916666666666
2017-12-30,29.205833333333334
2017-12-31,32.60708333333333
2018-01-01,30.75
2018-01-02,33.32041666666667
2018-01-03,33.67791666666667
2018-01-04,33.78208333333333
2018-01-05,33.937083333333334
2018-01-06,33.212916666666665
2018-01-07,31.241666666666664
2018-01-08,33.18083333333333
2018-01-09,27.318749999999998
2018-01-10,27.03833333333333
2018-01-11,30.260416666666668
2018-01-12,25.29375
2018-01-13,28.43375
2018-01-14,30.70125
2018-01-15,30.918333333333333
2018-01-16,30.855416666666667
2018-01-17,30.786666666666665
2018-01-18,30.536666666666665
2018-01-19,30.361666666666665
2018-01-20,30.464583333333334
2018-01-21,30.670833333333334
2018-01-22,30.662916666666664
2018-01-23,31.882500000000004
2018-01-24,31.89625
2018-01-25,31.610833333333332
2018-01-26,32.42
2018-01-27,32.61625
2018-01-28,32.17625
2018-01-29,31.64125
2018-01-30,31.18541666666667
2018-01-31,30.812916666666666
2018-02-01,30.552083333333332
2018-02-02,30.385833333333334
2018-02-03,30.20041666666667
2018-02-04,29.983333333333334
2018-02-05,29.767083333333332
2018-02-06,29.614583333333332
2018-02-07,29.612916666666667
2018-02-08,26.302916666666665
2018-02-09,22.755416666666665
2018-02-10,26.86583333333333
2018-02-11,27.415000000000003
2018-02-12,22.709999999999997
2018-02-13,22.292083333333334
2018-02-14,26.337083333333336
2018-02-15,26.890833333333333
2018-02-16,24.276666666666667
2018-02-17,21.192083333333333
2018-02-18,21.113333333333333
2018-02-19,22.4825
2018-02-20,25.594583333333333
2018-02-21,21.53333333333333
2018-02-22,20.62875
2018-02-23,24.780416666666667
2018-02-24,26.376666666666665
2018-02-25,26.284166666666664
2018-02-26,22.181250000000002
2018-02-27,24.3275
2018-02-28,20.88416666666667
2018-03-01,23.97791666666667
2018-03-02,22.68541666666667
2018-03-03,26.05125
2018-03-04,27.722083333333334
2018-03-05,27.808333333333334
2018-03-06,21.831666666666667
2018-03-07,18.109166666666667
2018-03-08,20.821666666666665
2018-03-09,16.64708333333333
2018-03-10,14.454166666666666
2018-03-11,13.429583333333333
2018-03-12,13.04625
2018-03-13,11.945833333333333
2018-03-14,11.859166666666667
2018-03-15,12.418333333333335
2018-03-16,12.520416666666668
2018-03-17,13.3725
2018-03-18,14.869166666666667
2018-03-19,22.055833333333336
2018-03-20,19.686666666666667
2018-03-21,23.176666666666666
2018-03-22,26.337500000000002
2018-03-23,25.56458333333333
2018-03-24,29.524583333333336
2018-03-25,30.51875
2018-03-26,30.827916666666667
2018-03-27,31.435833333333335
2018-03-28,26.175833333333333
2018-03-29,24.558333333333334
2018-03-30,28.93958333333333
2018-03-31,30.376666666666665
2018-04-01,28.47458333333333
2018-04-02,23.822083333333335
2018-04-03,16.614166666666666
2018-04-04,11.09875
2018-04-05,13.65375
2018-04-06,8.365
2018-04-07,11.744583333333333
2018-04-08,25.839166666666667
2018-04-09,31.96375
2018-04-10,31.925833333333333
2018-04-11,21.77208333333333
2018-04-12,29.54125
2018-04-13,31.26875
2018-04-14,26.542916666666667
2018-04-15,23.74416666666667
2018-04-16,21.961250000000003
2018-04-17,26.24291666666667
2018-04-18,29.21666666666667
2018-04-19,24.525000000000002
2018-04-20,23.55
2018-04-21,21.80333333333333
2018-04-22,20.274583333333336
2018-04-23,19.964583333333334
2018-04-24,19.332083333333333
2018-04-25,18.43
2018-04-26,17.16
2018-04-27,16.000833333333333
2018-04-28,15.897083333333333
2018-04-29,15.496666666666668
2018-04-30,14.731666666666667
2018-05-01,14.030416666666667
2018-05-02,13.590416666666668
2018-05-03,13.4925
2018-05-04,13.808750000000002
2018-05-05,14.428333333333333
2018-05-06,16.940416666666668
2018-05-07,12.560833333333333
2018-05-08,2.8008333333333333
2018-05-09,-1.8754166666666665
2018-05-10,3.8420833333333335
2018-05-11,1.0041666666666667
2018-05-12,-3.7016666666666667
2018-05-13,-2.41375
2018-05-14,0.07625000000000003
2018-05-15,2.595833333333333
2018-05-16,3.45125
2018-05-17,2.2379166666666666
2018-05-18,1.1170833333333334
2018-05-19,-3.36875
2018-05-20,-2.5658333333333334
2018-05-21,-1.3975
2018-05-22,-4.005
2018-05-23,-3.2854166666666664
2018-05-24,-0.8325
2018-05-25,2.4220833333333336
2018-05-26,-0.11416666666666664
2018-05-27,-4.74875
2018-05-28,0.9929166666666666
2018-05-29,0.018333333333333274
2018-05-30,6.808333333333334
2018-05-31,7.349583333333334
2018-06-01,4.159583333333333
2018-06-02,1.1404166666666666
2018-06-03,0.775
2018-06-04,1.8229166666666667
2018-06-05,-0.13749999999999998
2018-06-06,-0.5133333333333333
2018-06-07,-0.5866666666666667
2018-06-08,3.2737499999999997
2018-06-09,3.2575000000000003
2018-06-10,10.526666666666666
2018-06-11,15.35875
2018-06-12,11.924166666666666
2018-06-13,12.387916666666667
2018-06-14,15.490416666666667
2018-06-15,17.679583333333333
2018-06-16,17.66125
2018-06-17,13.719583333333333
2018-06-18,10.761666666666668
2018-06-19,14.462083333333334
2018-06-20,16.19875
2018-06-21,11.605416666666665
2018-06-22,9.590833333333334
2018-06-23,14.49125
2018-06-24,16.565
2018-06-25,16.963333333333335
2018-06-26,23.190416666666668
2018-06-27,23.2175
2018-06-28,23.4725
2018-06-29,15.616666666666667
2018-06-30,11.795833333333334
2018-07-01,9.385833333333332
2018-07-02,15.1875
2018-07-03,20.864583333333332
2018-07-04,21.33875
2018-07-05,18.827083333333334
2018-07-06,21.804166666666664
2018-07-07,22.181250000000002
2018-07-08,19.79041666666667
2018-07-09,22.432083333333335
2018-07-10,21.521666666666665
2018-07-11,22.939166666666665
2018-07-12,20.944583333333334
2018-07-13,17.28375
2018-07-14,17.514583333333334
2018-07-15,22.84
2018-07-16,23.434583333333332
2018-07-17,23.417083333333334
2018-07-18,21.989583333333332
2018-07-19,20.430833333333336
2018-07-20,21.710416666666664
2018-07-21,18.59
2018-07-22,19.267083333333336
2018-07-23,22.60666666666667
2018-07-24,20.051666666666666
2018-07-25,19.072083333333335
2018-07-26,18.050416666666667
2018-07-27,16.856666666666666
2018-07-28,19.5025
2018-07-29,18.409583333333334
2018-07-30,18.627916666666668
2018-07-31,17.85375
2018-08-01,17.758750000000003
2018-08-02,15.907083333333333
2018-08-03,16.022916666666667
2018-08-04,17.190416666666668
2018-08-05,16.554583333333333
2018-08-06,15.404583333333333
2018-08-07,11.399583333333332
2018-08-08,3.907083333333333
2018-08-09,5.1375
2018-08-10,12.280416666666667
2018-08-11,18.675416666666667
2018-08-12,22.822083333333335
2018-08-13,20.765416666666667
2018-08-14,22.387916666666666
2018-08-15,19.199166666666667
2018-08-16,19.464583333333334
2018-08-17,17.889583333333334
2018-08-18,18.35291666666667
2018-08-19,13.597916666666668
2018-08-20,19.039166666666667
2018-08-21,13.993333333333332
2018-08-22,14.837916666666667
2018-08-23,19.573333333333334
2018-08-24,19.152083333333334
2018-08-25,13.653333333333334
2018-08-26,10.599166666666667
2018-08-27,20.683333333333334
2018-08-28,19.35375
2018-08-29,25.17958333333333
2018-08-30,28.785
2018-08-31,28.877499999999998
2018-09-01,25.28833333333333
2018-09-02,25.39625
2018-09-03,27.928749999999997
2018-09-04,24.642083333333332
2018-09-05,28.948333333333334
2018-09-06,24.66304347826087
2018-09-07,
2018-09-08,21.61
2018-09-09,
2018-09-10,20.734677065561787
2018-09-11,27.0096875
2018-09-12,24.14642361111111
2018-09-13,19.431770833333335
2018-09-14,29.301597222222224
2018-09-15,32.832256944444445
2018-09-16,33.20295138888889
2018-09-17,27.304536023054755
2018-09-18,27.281929534637758
2018-09-19,26.790972222222223
2018-09-20,26.42215277777778
2018-09-21,26.181215277777778
2018-09-22,26.046145833333334
2018-09-23,25.740243055555556
2018-09-24,27.373596812405772
2018-09-25,30.546676096181045
2018-09-26,34.163090277777776
2018-09-27,35.00298611111111
2018-09-28,35.43454861111111
2018-09-29,35.72517361111111
2018-09-30,36.04725694444445
2018-10-01,34.80469408058365
2018-10-02,29.47632413701186
2018-10-03,28.00916666666667
2018-10-04,33.688472222222224
2018-10-05,36.34986111111111
2018-10-06,36.74256944444445
2018-10-07,36.89791666666667
2018-10-08,36.98364583333333
2018-10-09,37.0353125
2018-10-10,37.13659722222222
2018-10-11,37.29795138888889
2018-10-12,37.404687499999994
2018-10-13,37.36236111111111
2018-10-14,37.39972222222222
2018-10-15,35.58648547717842
2018-10-16,31.86746527777778
2018-10-17,30.864583333333332
2018-10-18,30.543958333333332
2018-10-19,30.369965277777776
2018-10-20,30.277256944444446
2018-10-21,30.07423611111111
2018-10-22,31.7471974656811
2018-10-23,35.89329861111111
2018-10-24,37.05003472222222
2018-10-25,33.924073795180725
2018-10-26,30.145173611111108
2018-10-27,28.930069444444445
2018-10-28,28.611319444444444
2018-10-29,28.47361111111111
2018-10-30,28.4028125
2018-10-31,28.651701388888892
2018-11-01,27.18195238095238
2018-11-02,27.56375
2018-11-03,28.275833333333335
2018-11-04,26.91
2018-11-05,28.959999999999997
2018-11-06,33.46208333333333
2018-11-07,35.63166666666667
2018-11-08,35.2075
2018-11-09,31.491666666666664
2018-11-10,32.642916666666665
2018-11-11,27.999583333333334
2018-11-12,25.203333333333333
2018-11-13,27.397499999999997
2018-11-14,31.382499999999997
2018-11-15,31.761666666666667
2018-11-16,27.490416666666665
2018-11-17,26.397916666666664
2018-11-18,26.544166666666666
2018-11-19,29.41208333333333
2018-11-20,34.08083333333334
2018-11-21,34.9625
2018-11-22,35.34166666666667
2018-11-23,35.626666666666665
2018-11-24,34.127500000000005
2018-11-25,33.612500000000004
2018-11-26,35.67541666666667
2018-11-27,35.7675
2018-11-28,35.585
2018-11-29,35.18333333333333
2018-11-30,35.92916666666667
2018-12-01,36.26166666666666
2018-12-02,36.154583333333335
2018-12-03,36.1875
2018-12-04,35.925000000000004
2018-12-05,35.71375
2018-12-06,35.847500000000004
2018-12-07,36.19041666666667
2018-12-08,35.6825
2018-12-09,32.26916666666667
2018-12-10,28.52
2018-12-11,27.73875
2018-12-12,33.80125
2018-12-13,35.07125
2018-12-14,34.75833333333333
2018-12-15,32.96666666666667
2018-12-16,32.18208333333333
2018-12-17,32.79541666666667
2018-12-18,33.90875
2018-12-19,33.29333333333333
2018-12-20,32.776666666666664
2018-12-21,32.50333333333334
2018-12-22,32.24375
2018-12-23,32.07875
2018-12-24,31.91416666666667
2018-12-25,31.84
2018-12-26,32.437916666666666
2018-12-27,32.73916666666667
2018-12-28,32.422916666666666
2018-12-29,32.11958333333333
2018-12-30,31.86791666666667
2018-12-31,31.00583333333333
2019-01-01,24.654583333333335
2019-01-02,22.596249999999998
2019-01-03,18.716666666666665
2019-01-04,20.45875
2019-01-05,23.591250000000002
2019-01-06,28.715416666666666
2019-01-07,32.85666666666667
2019-01-08,36.60166666666667
2019-01-09,35.99583333333333
2019-01-10,39.16833333333333
2019-01-11,38.6725
2019-01-12,36.88291666666667
2019-01-13,36.10166666666667
2019-01-14,35.350833333333334
2019-01-15,34.22291666666667
2019-01-16,34.25666666666667
2019-01-17,40.822916666666664
2019-01-18,50.471666666666664
2019-01-19,46.291666666666664
2019-01-20,42.2175
2019-01-21,42.20166666666667
2019-01-22,42.86416666666667
2019-01-23,40.50125
2019-01-24,38.967083333333335
2019-01-25,35.275416666666665
2019-01-26,35.11958333333333
2019-01-27,36.72708333333333
2019-01-28,34.127500000000005
2019-01-29,36.10458333333333
2019-01-30,35.8575
2019-01-31,35.592083333333335
2019-02-01,35.38
2019-02-02,35.77375
2019-02-03,37.84125
2019-02-04,38.994166666666665
2019-02-05,41.84041666666666
2019-02-06,40.840833333333336
2019-02-07,39.50791666666667
2019-02-08,38.49
2019-02-09,38.03916666666667
2019-02-10,38.49333333333333
2019-02-11,39.42583333333334
2019-02-12,39.03541666666667
2019-02-13,39.32208333333333
2019-02-14,53.45166666666666
2019-02-15,62.79583333333333
2019-02-16,57.17916666666667
2019-02-17,48.373333333333335
2019-02-18,46.012499999999996
2019-02-19,47.412083333333335
2019-02-20,45.65083333333334
2019-02-21,39.34916666666667
2019-02-22,38.2025
2019-02-23,37.50625
2019-02-24,35.71958333333333
2019-02-25,33.594166666666666
2019-02-26,38.178333333333335
2019-02-27,60.42124999999999
2019-02-28,62.27333333333333
2019-03-01,62.161249999999995
2019-03-02,46.565416666666664
2019-03-03,47.873333333333335
2019-03-04,45.37583333333333
2019-03-05,40.72375
2019-03-06,37.96375
2019-03-07,42.055
2019-03-08,40.55041666666667
2019-03-09,44.620000000000005
2019-03-10,45.278333333333336
2019-03-11,47.62708333333333
2019-03-12,40.86958333333333
2019-03-13,40.321666666666665
2019-03-14,39.9375
2019-03-15,39.63333333333333
2019-03-16,35.70875
2019-03-17,36.577083333333334
2019-03-18,33.85041666666667
2019-03-19,31.550416666666667
2019-03-20,30.879166666666666
2019-03-21,30.706666666666667
2019-03-22,30.472083333333334
2019-03-23,30.51
2019-03-24,31.057916666666667
2019-03-25,32.39208333333333
2019-03-26,39.20583333333334
2019-03-27,40.475833333333334
2019-03-28,37.42541666666667
2019-03-29,36.82083333333333
2019-03-30,41.20875
2019-03-31,36.317083333333336
2019-04-01,34.6075
2019-04-02,33.6775
2019-04-03,32.81166666666667
2019-04-04,31.70041666666667
2019-04-05,34.53125
2019-04-06,32.23041666666666
2019-04-07,31.74416666666667
2019-04-08,26.942916666666665
2019-04-09,30.45375
2019-04-10,31.072916666666668
2019-04-11,29.765833333333333
2019-04-12,28.75708333333333
2019-04-13,28.730833333333333
2019-04-14,28.52
2019-04-15,28.29375
2019-04-16,28.073333333333334
2019-04-17,30.1425
2019-04-18,30.26
2019-04-19,29.525833333333335
2019-04-20,29.24791666666667
2019-04-21,29.045
2019-04-22,28.243750000000002
2019-04-23,27.283749999999998
2019-04-24,27.160833333333333
2019-04-25,24.207083333333333
2019-04-26,19.789166666666667
2019-04-27,18.2475
2019-04-28,16.92625
2019-04-29,17.954583333333332
2019-04-30,21.230833333333333
2019-05-01,16.849166666666665
2019-05-02,15.07875
2019-05-03,14.46125
2019-05-04,13.280416666666667
2019-05-05,12.490833333333333
2019-05-06,11.482083333333334
2019-05-07,11.532499999999999
2019-05-08,10.690833333333332
2019-05-09,11.14875
2019-05-10,12.674166666666666
2019-05-11,15.646666666666667
2019-05-12,16.62
2019-05-13,17.71291666666667
2019-05-14,18.01625
2019-05-15,18.774166666666666
2019-05-16,26.097916666666666
2019-05-17,28.635833333333334
2019-05-18,28.683333333333334
2019-05-19,28.522916666666664
2019-05-20,29.25583333333333
2019-05-21,29.436666666666667
2019-05-22,28.94333333333333
2019-05-23,28.977083333333336
2019-05-24,22.54875
2019-05-25,19.811666666666667
2019-05-26,24.88
2019-05-27,26.570833333333336
2019-05-28,21.765
2019-05-29,25.10375
2019-05-30,19.005
2019-05-31,16.075833333333332
2019-06-01,16.625
2019-06-02,20.61916666666667
2019-06-03,25.565
2019-06-04,25.69666666666667
2019-06-05,29.581666666666667
2019-06-06,28.380416666666665
2019-06-07,22.645833333333332
2019-06-08,21.20375
2019-06-09,20.469583333333333
2019-06-10,24.40625
2019-06-11,24.99
2019-06-12,21.196666666666665
2019-06-13,20.335416666666667
2019-06-14,19.527083333333334
2019-06-15,19.334166666666665
2019-06-16,19.120833333333334
2019-06-17,20.309166666666666
2019-06-18,20.565833333333334
2019-06-19,19.374166666666667
2019-06-20,19.887916666666666
2019-06-21,23.659166666666668
2019-06-22,25.054166666666664
2019-06-23,21.142916666666668
2019-06-24,21.00583333333333
2019-06-25,21.202083333333334
2019-06-26,20.035
2019-06-27,19.167083333333334
2019-06-28,17.894166666666667
2019-06-29,22.628333333333334
2019-06-30,20.522916666666667
2019-07-01,19.164583333333333
2019-07-02,18.570833333333333
2019-07-03,25.305000000000003
2019-07-04,28.394583333333333
2019-07-05,29.1675
2019-07-06,28.01875
2019-07-07,33.49
2019-07-08,34.64083333333333
2019-07-09,30.765833333333333
2019-07-10,30.008750000000003
2019-07-11,29.715833333333332
2019-07-12,29.537916666666664
2019-07-13,29.396666666666665
2019-07-14,29.450833333333335
2019-07-15,28.232083333333335
2019-07-16,28.517916666666665
2019-07-17,29.36916666666667
2019-07-18,29.345416666666665
2019-07-19,33.4775
2019-07-20,33.5525
2019-07-21,29.23625
2019-07-22,31.489583333333332
2019-07-23,30.048333333333332
2019-07-24,32.93
2019-07-25,29.459166666666665
2019-07-26,29.004166666666666
2019-07-27,28.724999999999998
2019-07-28,28.792916666666667
2019-07-29,32.86125
2019-07-30,29.98375
2019-07-31,28.140416666666667
2019-08-01,27.417916666666667
2019-08-02,28.89125
2019-08-03,28.6525
2019-08-04,24.432916666666667
2019-08-05,28.398750000000003
2019-08-06,33.01291666666666
2019-08-07,29.794166666666666
2019-08-08,28.819999999999997
2019-08-09,30.327916666666667
2019-08-10,29.25791666666667
2019-08-11,28.639583333333334
2019-08-12,28.278333333333332
2019-08-13,28.981666666666666
2019-08-14,31.514166666666668
2019-08-15,31.1675
2019-08-16,28.973333333333333
2019-08-17,28.474999999999998
2019-08-18,28.545416666666668
2019-08-19,30.057083333333335
2019-08-20,28.646666666666665
2019-08-21,28.56833333333333
2019-08-22,28.015
2019-08-23,28.370416666666667
2019-08-24,28.305833333333336
2019-08-25,28.294583333333335
2019-08-26,31.135833333333334
2019-08-27,29.200833333333335
2019-08-28,33.54125
2019-08-29,35.532916666666665
2019-08-30,35.89458333333334
2019-08-31,35.92416666666667
2019-09-01,32.005
2019-09-02,34.705
2019-09-03,35.77125
2019-09-04,35.94041666666667
2019-09-05,35.93833333333333
2019-09-06,36.03541666666667
2019-09-07,36.03041666666667
2019-09-08,35.975
2019-09-09,34.889583333333334
2019-09-10,34.73375
2019-09-11,35.740833333333335
2019-09-12,34.43458333333333
2019-09-13,34.78625
2019-09-14,35.68125
2019-09-15,35.66916666666666
2019-09-16,35.637499999999996
2019-09-17,35.77
2019-09-18,35.08166666666667
2019-09-19,35.276666666666664
2019-09-20,35.526666666666664
2019-09-21,35.51291666666666
2019-09-22,35.471666666666664
2019-09-23,33.98
2019-09-24,27.192083333333333
2019-09-25,27.528333333333332
2019-09-26,33.242916666666666
2019-09-27,32.83166666666667
2019-09-28,29.800416666666667
2019-09-29,29.438333333333333
2019-09-30,29.31833333333333
2019-10-01,28.94333333333333
2019-10-02,25.989583333333332
2019-10-03,23.037916666666664
2019-10-04,25.102083333333336
2019-10-05,27.907916666666665
2019-10-06,28.41333333333333
2019-10-07,28.339583333333334
2019-10-08,24.285416666666666
2019-10-09,24.74416666666667
2019-10-10,27.7925
2019-10-11,27.573333333333334
2019-10-12,28.223333333333333
2019-10-13,28.202916666666667
2019-10-14,28.099166666666665
2019-10-15,28.147916666666664
2019-10-16,30.84
2019-10-17,28.746666666666666
2019-10-18,28.28375
2019-10-19,32.020833333333336
2019-10-20,30.982916666666668
2019-10-21,30.73875
2019-10-22,26.40125
2019-10-23,25.851249999999997
2019-10-24,29.3275
2019-10-25,30.507916666666663
2019-10-26,26.569166666666664
2019-10-27,32.70083333333333
2019-10-28,35.08125
2019-10-29,31.46166666666667
2019-10-30,24.356666666666666
2019-10-31,27.56458333333333
2019-11-01,28.7075
2019-11-02,28.27
2019-11-03,30.631666666666664
2019-11-04,30.255416666666665
2019-11-05,28.381666666666664
2019-11-06,27.965
2019-11-07,28.08583333333333
2019-11-08,32.279583333333335
2019-11-09,34.69083333333334
2019-11-10,30.72583333333333
2019-11-11,31.617499999999996
2019-11-12,30.26875
2019-11-13,29.507500000000004
2019-11-14,28.180000000000003
2019-11-15,31.75208333333333
2019-11-16,31.390833333333333
2019-11-17,28.3175
2019-11-18,29.683333333333334
2019-11-19,29.86208333333333
2019-11-20,26.785
2019-11-21,31.979583333333334
2019-11-22,34.20916666666667
2019-11-23,31.631666666666664
2019-11-24,28.22666666666667
2019-11-25,29.829583333333332
2019-11-26,33.73083333333333
2019-11-27,32.22833333333333
2019-11-28,21.525000000000002
2019-11-29,21.80125
2019-11-30,24.419583333333335
2019-12-01,23.885
2019-12-02,22.3425
2019-12-03,24.06625
2019-12-04,26.719583333333333
2019-12-05,24.256249999999998
2019-12-06,22.937083333333334
2019-12-07,22.44541666666667
2019-12-08,23.977500000000003
2019-12-09,23.58666666666667
2019-12-10,25.332083333333333
2019-12-11,21.97375
2019-12-12,22.957083333333333
2019-12-13,23.67625
2019-12-14,21.63291666666667
2019-12-15,20.911666666666665
2019-12-16,18.703333333333333
2019-12-17,20.669166666666666
2019-12-18,21.830833333333334
2019-12-19,22.4325
2019-12-20,23.215714285714288
2019-12-21,
2019-12-22,
2019-12-23,
2019-12-24,
2019-12-25,
2019-12-26,
2019-12-27,
2019-12-28,
2019-12-29,
2019-12-30,
2019-12-31,
2020-01-01,
2020-01-02,
2020-01-03,
2020-01-04,
2020-01-05,
2020-01-06,
2020-01-07,
2020-01-08,
2020-01-09,
2020-01-10,
2020-01-11,
2020-01-12,
2020-01-13,
2020-01-14,
2020-01-15,
2020-01-16,
2020-01-17,
2020-01-18,
2020-01-19,
2020-01-20,
2020-01-21,
2020-01-22,
2020-01-23,
2020-01-24,
2020-01-25,
2020-01-26,
2020-01-27,
2020-01-28,
2020-01-29,
2020-01-30,
2020-01-31,
2020-02-01,
2020-02-02,
2020-02-03,
2020-02-04,
2020-02-05,
2020-02-06,
2020-02-07,
2020-02-08,
2020-02-09,
2020-02-10,
2020-02-11,
2020-02-12,
2020-02-13,
2020-02-14,
2020-02-15,
2020-02-16,
2020-02-17,
2020-02-18,
2020-02-19,
2020-02-20,
2020-02-21,
2020-02-22,
2020-02-23,
2020-02-24,
2020-02-25,
2020-02-26,
2020-02-27,
2020-02-28,
2020-02-29,
2020-03-01,
2020-03-02,
2020-03-03,
2020-03-04,
2020-03-05,
2020-03-06,
2020-03-07,
2020-03-08,
2020-03-09,
2020-03-10,
2020-03-11,
2020-03-12,
2020-03-13,
2020-03-14,
2020-03-15,
2020-03-16,
2020-03-17,
2020-03-18,
2020-03-19,
2020-03-20,
2020-03-21,
2020-03-22,
2020-03-23,
2020-03-24,
2020-03-25,
2020-03-26,
2020-03-27,
2020-03-28,
2020-03-29,
2020-03-30,
2020-03-31,
2020-04-01,
2020-04-02,
2020-04-03,
2020-04-04,
2020-04-05,
2020-04-06,
2020-04-07,
2020-04-08,
2020-04-09,
2020-04-10,
2020-04-11,
2020-04-12,
2020-04-13,
2020-04-14,
2020-04-15,
2020-04-16,
2020-04-17,
2020-04-18,
2020-04-19,
2020-04-20,
2020-04-21,
2020-04-22,
2020-04-23,
2020-04-24,
2020-04-25,
2020-04-26,
2020-04-27,
2020-04-28,
2020-04-29,
2020-04-30,
2020-05-01,
2020-05-02,
2020-05-03,
2020-05-04,
2020-05-05,
2020-05-06,
2020-05-07,
2020-05-08,
2020-05-09,
2020-05-10,
2020-05-11,
2020-05-12,
2020-05-13,
2020-05-14,
2020-05-15,
2020-05-16,
2020-05-17,
2020-05-18,
2020-05-19,
2020-05-20,
2020-05-21,
2020-05-22,
2020-05-23,
2020-05-24,
2020-05-25,
2020-05-26,
2020-05-27,
2020-05-28,
2020-05-29,
2020-05-30,
2020-05-31,
2020-06-01,
2020-06-02,
2020-06-03,
2020-06-04,
2020-06-05,
2020-06-06,
2020-06-07,
2020-06-08,
2020-06-09,
2020-06-10,
2020-06-11,
2020-06-12,
2020-06-13,
2020-06-14,
2020-06-15,
2020-06-16,
2020-06-17,
2020-06-18,
2020-06-19,
2020-06-20,
2020-06-21,
2020-06-22,
2020-06-23,
2020-06-24,
2020-06-25,
2020-06-26,
2020-06-27,
2020-06-28,
2020-06-29,
2020-06-30,
2020-07-01,
2020-07-02,
2020-07-03,
2020-07-04,
2020-07-05,
2020-07-06,
2020-07-07,
2020-07-08,
2020-07-09,
2020-07-10,
2020-07-11,
2020-07-12,
2020-07-13,
2020-07-14,
2020-07-15,
2020-07-16,
2020-07-17,
2020-07-18,
2020-07-19,
2020-07-20,
2020-07-21,
2020-07-22,
2020-07-23,
2020-07-24,
2020-07-25,
2020-07-26,
2020-07-27,
2020-07-28,
2020-07-29,
2020-07-30,
2020-07-31,
2020-08-01,
2020-08-02,
2020-08-03,
2020-08-04,
2020-08-05,
2020-08-06,
2020-08-07,
2020-08-08,
2020-08-09,
2020-08-10,
2020-08-11,
2020-08-12,
2020-08-13,
2020-08-14,
2020-08-15,
2020-08-16,
2020-08-17,
2020-08-18,
2020-08-19,
2020-08-20,
2020-08-21,
2020-08-22,
2020-08-23,
2020-08-24,
2020-08-25,
2020-08-26,
2020-08-27,
2020-08-28,
2020-08-29,
2020-08-30,
2020-08-31,
2020-09-01,
2020-09-02,
2020-09-03,
2020-09-04,
2020-09-05,
2020-09-06,
2020-09-07,
2020-09-08,
2020-09-09,
2020-09-10,
2020-09-11,
2020-09-12,
2020-09-13,
2020-09-14,
2020-09-15,
2020-09-16,
2020-09-17,
2020-09-18,
2020-09-19,
2020-09-20,
2020-09-21,
2020-09-22,
2020-09-23,
2020-09-24,
2020-09-25,
2020-09-26,
2020-09-27,
2020-09-28,
2020-09-29,
2020-09-30,
2020-10-01,
2020-10-02,
2020-10-03,
2020-10-04,
2020-10-05,
2020-10-06,
2020-10-07,
2020-10-08,
2020-10-09,
2020-10-10,
2020-10-11,
2020-10-12,
2020-10-13,
2020-10-14,
2020-10-15,
2020-10-16,
2020-10-17,
2020-10-18,
2020-10-19,
2020-10-20,
2020-10-21,
2020-10-22,
2020-10-23,
2020-10-24,
2020-10-25,
2020-10-26,
2020-10-27,
2020-10-28,
2020-10-29,
2020-10-30,
2020-10-31,
2020-11-01,
2020-11-02,
2020-11-03,
2020-11-04,
2020-11-05,
2020-11-06,
2020-11-07,
2020-11-08,
2020-11-09,
2020-11-10,
2020-11-11,
2020-11-12,
2020-11-13,
2020-11-14,
2020-11-15,
2020-11-16,
2020-11-17,
2020-11-18,
2020-11-19,
2020-11-20,
2020-11-21,
2020-11-22,
2020-11-23,
2020-11-24,
2020-11-25,
2020-11-26,
2020-11-27,
2020-11-28,
2020-11-29,
2020-11-30,
2020-12-01,
2020-12-02,
2020-12-03,
2020-12-04,
2020-12-05,
2020-12-06,
2020-12-07,
2020-12-08,
2020-12-09,
2020-12-10,
2020-12-11,
2020-12-12,
2020-12-13,
2020-12-14,
2020-12-15,
2020-12-16,
2020-12-17,
2020-12-18,
2020-12-19,
2020-12-20,
2020-12-21,
2020-12-22,
2020-12-23,
2020-12-24,
2020-12-25,
2020-12-26,
2020-12-27,
2020-12-28,
2020-12-29,
2020-12-30,
2020-12-31,
2021-01-01,
2021-01-02,
2021-01-03,
2021-01-04,
2021-01-05,
2021-01-06,
2021-01-07,
2021-01-08,
2021-01-09,
2021-01-10,
2021-01-11,
2021-01-12,
2021-01-13,
2021-01-14,
2021-01-15,
2021-01-16,
2021-01-17,
2021-01-18,
2021-01-19,
2021-01-20,
2021-01-21,
2021-01-22,
2021-01-23,
2021-01-24,
2021-01-25,32.88
2021-01-26,33.439166666666665
2021-01-27,32.58875
2021-01-28,31.74625
2021-01-29,31.763333333333335
2021-01-30,31.741249999999997
2021-01-31,31.47083333333333
2021-02-01,29.742500000000003
2021-02-02,27.176666666666666
2021-02-03,29.97875
2021-02-04,30.830833333333334
2021-02-05,29.69458333333333
2021-02-06,28.197916666666668
2021-02-07,25.54041666666667
2021-02-08,28.185000000000002
2021-02-09,29.11708333333333
2021-02-10,28.91333333333333
2021-02-11,28.05125
2021-02-12,27.36583333333333
2021-02-13,28.02125
2021-02-14,28.902916666666666
2021-02-15,29.206666666666667
2021-02-16,29.344583333333333
2021-02-17,29.446250000000003
2021-02-18,29.519583333333333
2021-02-19,27.86791666666667
2021-02-20,28.147499999999997
2021-02-21,26.457083333333333
2021-02-22,21.74
2021-02-23,19.76
2021-02-24,18.106666666666666
2021-02-25,16.997916666666665
2021-02-26,15.949166666666665
2021-02-27,15.36875
2021-02-28,19.229583333333334
2021-03-01,16.092499999999998
2021-03-02,14.299999999999999
2021-03-03,13.050416666666665
2021-03-04,11.846666666666666
2021-03-05,11.02625
2021-03-06,10.621666666666668
2021-03-07,16.960833333333333
2021-03-08,19.297916666666666
2021-03-09,14.843333333333334
2021-03-10,18.125416666666666
2021-03-11,14.42875
2021-03-12,12.032499999999999
2021-03-13,10.97875
2021-03-14,15.229583333333332
2021-03-15,11.909583333333332
2021-03-16,10.1925
2021-03-17,9.380833333333333
2021-03-18,8.555
2021-03-19,7.854166666666667
2021-03-20,9.539583333333333
2021-03-21,17.250416666666666
2021-03-22,17.577916666666667
2021-03-23,13.052083333333334
2021-03-24,10.776666666666666
2021-03-25,9.244583333333333
2021-03-26,8.32875
2021-03-27,7.878333333333334
2021-03-28,7.189166666666666
2021-03-29,10.897916666666667
2021-03-30,8.830416666666666
2021-03-31,7.288333333333333
2021-04-01,6.394166666666667
2021-04-02,6.2875000000000005
2021-04-03,6.286666666666666
2021-04-04,13.9125
2021-04-05,12.438333333333333
2021-04-06,9.102083333333333
2021-04-07,6.891666666666667
2021-04-08,5.369583333333334
2021-04-09,4.601249999999999
2021-04-10,7.78375
2021-04-11,15.6
2021-04-12,13.170416666666668
2021-04-13,12.575000000000001
2021-04-14,13.051666666666668
2021-04-15,13.694583333333334
2021-04-16,14.627916666666666
2021-04-17,15.051666666666668
2021-04-18,16.004583333333333
2021-04-19,21.759583333333335
2021-04-20,19.901666666666667
2021-04-21,19.206666666666667
2021-04-22,19.029166666666665
2021-04-23,19.02
2021-04-24,19.544583333333332
2021-04-25,21.355416666666667
2021-04-26,25.723333333333333
2021-04-27,23.31125
2021-04-28,24.653333333333332
2021-04-29,27.379583333333333
2021-04-30,24.934583333333332
2021-05-01,24.016666666666666
2021-05-02,23.701666666666668
2021-05-03,23.808333333333334
2021-05-04,24.09375
2021-05-05,24.780416666666667
2021-05-06,25.90041666666667
2021-05-07,25.975416666666664
2021-05-08,26.01
2021-05-09,26.44541666666667
2021-05-10,26.496666666666666
2021-05-11,26.85875
2021-05-12,26.90041666666667
2021-05-13,26.850416666666664
2021-05-14,26.72666666666667
2021-05-15,26.92375
2021-05-16,26.95625
2021-05-17,26.94666666666667
2021-05-18,26.839583333333334
2021-05-19,27.20125
2021-05-20,27.40416666666667
2021-05-21,27.4175
2021-05-22,27.627499999999998
2021-05-23,27.58458333333333
2021-05-24,27.43958333333333
2021-05-25,27.583333333333332
2021-05-26,28.51375
2021-05-27,31.928749999999997
2021-05-28,29.335416666666664
2021-05-29,29.985416666666666
2021-05-30,30.554166666666664
2021-05-31,29.221249999999998
2021-06-01,30.457083333333333
2021-06-02,33.093333333333334
2021-06-03,29.722083333333334
2021-06-04,29.16875
2021-06-05,29.03833333333333
2021-06-06,29.032083333333333
2021-06-07,28.732916666666668
2021-06-08,28.375
2021-06-09,27.60375
2021-06-10,27.071250000000003
2021-06-11,28.035416666666666
2021-06-12,27.22666666666667
2021-06-13,26.7625
2021-06-14,27.62125
2021-06-15,26.858333333333334
2021-06-16,26.42125
2021-06-17,26.158749999999998
2021-06-18,25.887083333333333
2021-06-19,25.94125
2021-06-20,25.770416666666666
2021-06-21,25.40875
2021-06-22,25.718333333333334
2021-06-23,28.53833333333333
2021-06-24,25.41208333333333
2021-06-25,24.099999999999998
2021-06-26,23.84
2021-06-27,23.45375
2021-06-28,23.456666666666667
2021-06-29,22.899583333333336
2021-06-30,22.14125
2021-07-01,21.442083333333333
2021-07-02,20.650833333333335
2021-07-03,22.968333333333334
2021-07-04,26.09
2021-07-05,24.352500000000003
2021-07-06,25.121666666666666
2021-07-07,21.833333333333332
2021-07-08,22.310833333333335
2021-07-09,20.435
2021-07-10,23.102500000000003
2021-07-11,22.017916666666665
2021-07-12,19.736666666666668
2021-07-13,22.949583333333333
2021-07-14,26.23625
2021-07-15,27.662916666666664
2021-07-16,28.455416666666668
2021-07-17,28.875833333333333
2021-07-18,29.0925
2021-07-19,29.253333333333334
2021-07-20,29.39833333333333
2021-07-21,29.430833333333336
2021-07-22,28.08791666666667
2021-07-23,23.02416666666667
2021-07-24,20.564583333333335
2021-07-25,19.120416666666667
2021-07-26,18.250416666666666
2021-07-27,17.100833333333334
2021-07-28,16.385
2021-07-29,15.44
2021-07-30,14.97125
2021-07-31,14.637083333333335
2021-08-01,14.096666666666666
2021-08-02,13.932083333333333
2021-08-03,13.604166666666666
2021-08-04,13.219583333333333
2021-08-05,12.98625
2021-08-06,13.349166666666667
2021-08-07,13.410833333333334
2021-08-08,12.956249999999999
2021-08-09,12.65625
2021-08-10,12.96375
2021-08-11,12.964166666666666
2021-08-12,13.199583333333335
2021-08-13,12.769166666666665
2021-08-14,12.999166666666667
2021-08-15,12.648333333333333
2021-08-16,12.522916666666667
2021-08-17,12.468333333333334
2021-08-18,12.19625
2021-08-19,11.90375
2021-08-20,11.404583333333333
2021-08-21,10.827083333333334
2021-08-22,10.297916666666667
2021-08-23,10.3825
2021-08-24,11.141666666666666
2021-08-25,10.39625
2021-08-26,10.12875
2021-08-27,9.881666666666666
2021-08-28,10.034583333333332
2021-08-29,13.387500000000001
2021-08-30,11.285833333333334
2021-08-31,10.200000000000001
2021-09-01,9.4475
2021-09-02,8.565416666666666
2021-09-03,8.4025
2021-09-04,8.056666666666667
2021-09-05,7.672499999999999
2021-09-06,11.585
2021-09-07,9.824583333333333
2021-09-08,8.939166666666667
2021-09-09,8.228333333333333
2021-09-10,9.403333333333334
2021-09-11,8.924166666666666
2021-09-12,8.419166666666667
2021-09-13,8.053749999999999
2021-09-14,8.280416666666666
2021-09-15,8.27125
2021-09-16,8.543333333333333
2021-09-17,11.0625
2021-09-18,10.560416666666667
2021-09-19,9.678749999999999
2021-09-20,9.18125
2021-09-21,9.41125
2021-09-22,8.9
2021-09-23,8.52125
2021-09-24,7.779166666666666
2021-09-25,7.576666666666667
2021-09-26,7.37
2021-09-27,7.794999999999999
2021-09-28,12.00875
2021-09-29,9.738750000000001
2021-09-30,9.490416666666667
2021-10-01,11.489166666666668
2021-10-02,9.825000000000001
2021-10-03,9.385
2021-10-04,8.915416666666667
2021-10-05,15.685416666666667
2021-10-06,18.547916666666666
2021-10-07,12.739166666666668
2021-10-08,1.0808333333333333
2021-10-09,1.4204166666666669
2021-10-10,2.3020833333333335
2021-10-11,3.49375
2021-10-12,1.8675
2021-10-13,0.6749999999999999
2021-10-14,0.985
2021-10-15,1.0183333333333333
2021-10-16,0.8195833333333334
2021-10-17,0.4879166666666666
2021-10-18,-1.3458333333333332
2021-10-19,-1.6191666666666666
2021-10-20,-1.2104166666666667
2021-10-21,0.9895833333333334
2021-10-22,2.7145833333333336
2021-10-23,5.375
2021-10-24,7.58125
2021-10-25,11.00625
2021-10-26,14.974166666666667
2021-10-27,23.05263157894737
