StartDateTime,Value,FillValue,INTERP,DamStatus_Jun,CofferStatus_Jun
1/1/2012,28,,DOWN,,
1/2/2012,28,,,,
1/3/2012,28,,,,
6/1/2021,28,,,,
6/2/2012,36.87687492,,UP,UP,
6/3/2012,36.83932288,,,,
6/4/2012,36.09739606,,,UP,
6/5/2012,35.85768239,,,UP,
6/6/2012,36.4993488,,,,
6/7/2012,36.51028617,,,,
6/8/2012,36.40820297,,,,
6/9/2012,36.39635404,,,,
6/10/2012,36.39726543,,,,
6/11/2012,36.36809874,,,,
6/12/2012,36.32981793,,,,
6/13/2012,36.36992184,,,,
6/14/2012,36.32526016,,,,
6/15/2012,36.29244788,,,,
6/16/2012,36.28242191,,,,
6/17/2012,36.2003905,,,,
6/18/2012,36.15299463,,,,
6/19/2012,36.14205726,,,,
6/20/2012,36.15481774,,,,
6/21/2012,36.04544274,,,,
6/22/2012,35.92239571,,,,
6/23/2012,36.00716178,,,,
6/24/2012,36.00625006,,,,
6/25/2012,35.9643232,,,,
6/26/2012,36.05638059,,,,
6/27/2012,36.02083333,,,,
6/28/2012,36.54856777,,,,
6/29/2012,36.63151105,,,,
6/30/2012,36.60143232,,,,
7/1/2012,36.58320332,,,,
7/2/2012,36.59687424,,,,
7/3/2012,,,,,
7/4/2012,,,,,
7/5/2012,,,,,
7/6/2012,36.57500042,,,,
7/7/2012,36.55859311,,,,
7/8/2012,36.55130068,,,,
7/9/2012,36.62330739,,,,
7/10/2012,36.90585915,,,,
7/11/2012,37.27773428,,,,
7/12/2012,37.41901032,,,,
7/13/2012,37.45364634,,,,
7/14/2012,37.46549479,,,,
7/15/2012,37.50742245,,,,
7/16/2012,37.53841035,,,,
7/17/2012,37.61223968,,,,
7/18/2012,37.93671878,,,,
7/19/2012,38.03059928,,,,
7/20/2012,38.00598955,,,,
7/21/2012,37.96679608,,,,
7/22/2012,37.94127687,,,,
7/23/2012,37.94127687,,,,
7/24/2012,37.96588453,,,,
7/25/2012,37.9713529,,,,
7/26/2012,37.9704415,,,,
7/27/2012,37.93763002,,,,
7/28/2012,37.9093744,,,,
7/29/2012,37.91393201,,,,
7/30/2012,37.92669376,,,,
7/31/2012,37.9257822,,,,
8/1/2012,,,,,
8/2/2012,37.90937424,,,,
8/3/2012,37.92760531,,,,
8/4/2012,37.94856803,,,,
8/5/2012,37.96132755,,,,
8/6/2012,37.96588453,,,,
8/7/2012,37.95130221,,,,
8/8/2012,37.92578173,,,,
8/9/2012,37.91757822,,,,
8/10/2012,37.92269085,,,,
8/11/2012,37.93216276,,,,
8/12/2012,37.95494779,,,,
8/13/2012,37.19661403,,,,
8/14/2012,37.93763113,,,,
8/15/2012,37.94856803,,,,
8/16/2012,37.96497313,,,,
8/17/2012,37.94765663,,,,
8/18/2012,37.933074,,,,
8/19/2012,37.9348971,,,,
8/20/2012,37.95768197,,,,
8/21/2012,37.95677058,,,,
8/22/2012,37.93398539,,,,
8/23/2012,37.91757822,,,,
8/24/2012,37.92122444,,,,
8/25/2012,37.90755145,,,,
8/26/2012,37.92031288,,,,
8/27/2012,37.90208356,,,,
8/28/2012,37.88020817,,,,
8/29/2012,37.86972618,,,,
8/30/2012,37.8619779,,,,
8/31/2012,37.85650953,,,,
9/1/2012,37.85468674,,,,
9/2/2012,37.8729159,,,,
9/3/2012,37.88841168,,,,
9/4/2012,38.01875003,,,,
9/5/2012,37.8947916,,,,
9/6/2012,37.86380116,,,,
9/7/2012,37.84605247,,,,
9/8/2012,,,,,
9/9/2012,,,,,
9/10/2012,37.85605407,,,,
9/11/2012,37.84921837,,,,
9/12/2012,37.85012976,,,,
9/13/2012,37.84101582,,,,
9/14/2012,37.85377534,,,,
9/15/2012,37.84375,,,,
9/16/2012,37.84921837,,,,
9/17/2012,37.85195255,,,,
9/18/2012,37.10637975,,,,
9/19/2012,37.87703771,,,,
9/20/2012,37.84117643,,,,
9/21/2012,37.82812609,,,,
9/22/2012,37.83737024,,,,
9/23/2012,37.84557279,,,,
9/24/2012,37.8610665,,,,
9/25/2012,37.86835814,,,,
9/26/2012,37.85924371,,,,
9/27/2012,37.83709286,,,,
9/28/2012,37.81851079,,,,
9/29/2012,37.83828163,,,,
9/30/2012,37.83828163,,,,
10/1/2012,37.83554745,,,,
10/2/2012,37.82369916,,,,
10/3/2012,37.81640704,,,,
10/4/2012,37.83737024,,,,
10/5/2012,37.85195255,,,,
10/6/2012,37.88294284,,,,
10/7/2012,37.89661471,,,,
10/8/2012,37.90664005,,,,
10/9/2012,37.90846316,,,,
10/10/2012,37.90572929,,,,
10/11/2012,37.89296913,,,,
10/12/2012,37.89479192,,,,
10/13/2012,37.90755145,,,,
10/14/2012,37.89388053,,,,
10/15/2012,37.88750029,,,,
10/16/2012,37.87929662,,,,
10/17/2012,37.92669376,,,,
10/18/2012,37.95494779,,,,
10/19/2012,37.98775975,,,,
10/20/2012,38.02513011,,,,
10/21/2012,38.04882908,,,,
10/22/2012,38.057031,,,,
10/23/2012,38.01079525,,,,
10/24/2012,38.01874955,,,,
10/25/2012,38.01692645,,,,
10/26/2012,38.01079525,,,,
10/27/2012,38.00507832,,,,
10/28/2012,38.00325553,,,,
10/29/2012,38.0072917,,,,
10/30/2012,38.01874955,,,,
10/31/2012,31.80260388,,,,
11/1/2012,32.59101558,,,,
11/2/2012,38.0451835,,,,
11/3/2012,38.03406334,,,,
11/4/2012,38.02662506,,,,
11/5/2012,38.01419322,,,,
11/6/2012,38.00234413,,,,
11/7/2012,37.99413983,,,,
11/8/2012,37.96497313,,,,
11/9/2012,37.9804678,,,,
11/10/2012,37.9795564,,,,
11/11/2012,37.97682158,,,,
11/12/2012,37.96770732,,,,
11/13/2012,37.96223895,,,,
11/14/2012,37.95657871,,,,
11/15/2012,37.92760531,,,,
11/16/2012,37.94674571,,,,
11/17/2012,38.18229185,,,,
11/18/2012,38.2393233,,,,
11/19/2012,38.18098974,,,,
11/20/2012,38.37421878,,,,
11/21/2012,37.64869769,,DOWN,Not noted in notes,
11/22/2012,32.25924468,,,,
11/23/2012,31.5091145,,,,
11/24/2012,31.20195325,,,,
11/25/2012,31.01966151,,,,
11/26/2012,30.15104183,,,,
11/27/2012,29.60781201,,,,
11/28/2012,30.34728249,,,,
11/29/2012,32.50138855,,,,
11/30/2012,53.15807295,,,,
12/1/2012,62.82013914,,,,
12/2/2012,,,,,
12/3/2012,53.23533689,,,,
12/4/2012,,,,,
12/5/2012,,,,,
12/6/2012,49.75742221,,,,
12/7/2012,43.98151016,,,,
12/8/2012,34.00013018,,,,
12/9/2012,33.84335931,,,,
12/10/2012,33.95273415,,,,
12/11/2012,37.06901058,,,,
12/12/2012,36.2769533,,,,
12/13/2012,32.14630716,,,,
12/14/2012,45.7953124,,,,
12/15/2012,50.90494784,,,,
12/16/2012,55.63541651,,,,
12/17/2012,50.03268242,,,,
12/18/2012,42.23717097,,,,
12/19/2012,45.29967097,,,,
12/20/2012,53.07832074,,,,
12/21/2012,54.04540477,,,,
12/22/2012,57.15572929,,,,
12/23/2012,61.96822929,,,,
12/24/2012,57.73496103,,,,
12/25/2012,62.47645874,,,,
12/26/2012,62.82187516,,,,
12/27/2012,62.71197923,,,,
12/28/2012,62.14687522,,,,
12/29/2012,58.35976553,,,,
12/30/2012,60.35950518,,,,
12/31/2012,62.80768236,,,,
1/1/2013,62.8295571,,,,
1/2/2013,62.8322916,,,,
1/3/2013,62.8268226,,,,
1/4/2013,62.8295571,,,,
1/5/2013,32.20637997,,,,
1/6/2013,44.40078108,,,,
1/7/2013,62.82500013,,,,
1/8/2013,62.82226578,,,,
1/9/2013,62.82773495,,,,
1/10/2013,62.80130227,,,,
1/11/2013,62.83502595,,,,
1/12/2013,62.83776013,,,,
1/13/2013,62.83684858,,,,
1/14/2013,54.96184889,,,,
1/15/2013,40.46779915,,,,
1/16/2013,32.105208,,,,
1/17/2013,28.54414026,,,,
1/18/2013,28.16223931,,,,
1/19/2013,28.16406218,,,,
1/20/2013,28.16406226,,,,
1/21/2013,28.16953111,,,,
1/22/2013,28.167708,,,,
1/23/2013,28.16953103,,,,
1/24/2013,28.16497382,,,,
1/25/2013,28.16406226,,,,
1/26/2013,28.17317692,,,,
1/27/2013,28.16679668,,,,
1/28/2013,28.16953095,,,,
1/29/2013,28.16497366,,,,
1/30/2013,28.16679676,,,,
1/31/2013,28.16770824,,,,
2/1/2013,28.16497374,,,,
2/2/2013,28.17226545,,,,
2/3/2013,28.16588521,,,,
2/4/2013,28.16953111,,,,
2/5/2013,28.16770816,,,,
2/6/2013,27.05755194,,,,
2/7/2013,28.17955693,,,,
2/8/2013,28.17135413,,,,
2/9/2013,28.16588529,,,,
2/10/2013,28.16406234,,,,
2/11/2013,28.16588529,,,,
2/12/2013,28.16406226,,,,
2/13/2013,28.16406234,,,,
2/14/2013,28.16132792,,,,
2/15/2013,28.16497382,,,,
2/16/2013,28.16406234,,,,
2/17/2013,28.17044234,,,,
2/18/2013,28.16770816,,,,
2/19/2013,28.21328084,,,,
2/20/2013,28.24518204,,,,
2/21/2013,30.24583324,,,,
2/22/2013,29.19492165,,,,
2/23/2013,28.16861963,,,,
2/24/2013,28.16770824,,,,
2/25/2013,28.16406234,,,,
2/26/2013,30.04986962,,,,
2/27/2013,32.73138007,,,,
2/28/2013,31.50455761,,,,
3/1/2013,31.108073,,,,
3/2/2013,31.56562487,,,,
3/3/2013,31.65312481,,,,
3/4/2013,30.72161476,,,,
3/5/2013,30.29049508,,,,
3/6/2013,30.08450524,,,,
3/7/2013,29.36992184,,,,
3/8/2013,28.49674471,,,,
3/9/2013,28.76927082,,,,
3/10/2013,29.2687499,,,,
3/11/2013,30.05434791,,,,
3/12/2013,29.38815101,,,,
3/13/2013,25.12252617,,,,
3/14/2013,25.89635404,,,,
3/15/2013,46.40143228,,,,
3/16/2013,26.56809894,,,,
3/17/2013,27.43124962,,,,
3/18/2013,27.43124962,,,,
3/19/2013,27.43124962,,,,
3/20/2013,27.43124962,,,,
3/21/2013,27.43124962,,,,
3/22/2013,27.43124962,,,,
3/23/2013,27.43124962,,,,
3/24/2013,27.43124962,,,,
3/25/2013,27.43124962,,,,
3/26/2013,27.43124962,,,,
3/27/2013,38.10716097,,,,
3/28/2013,28.37005202,,,,
3/29/2013,28.17317669,,,,
3/30/2013,28.17135398,,,,
3/31/2013,28.1768225,,,,
4/1/2013,28.16770824,,,,
4/2/2013,28.16588529,,,,
4/3/2013,28.17226545,,,,
4/4/2013,28.16132808,,,,
4/5/2013,28.15494823,,,,
4/6/2013,28.16953111,,,,
4/7/2013,28.17226529,,,,
4/8/2013,28.21419239,,,,
4/9/2013,27.70559899,,,,
4/10/2013,28.16406242,,,,
4/11/2013,28.10208321,,,,
4/12/2013,28.16358682,,,,
4/13/2013,28.19505183,,,,
4/14/2013,30.42356793,,,,
4/15/2013,31.48541681,,,,
4/16/2013,33.90169231,,,,
4/17/2013,38.65403636,,,,
4/18/2013,44.6578126,,,,
4/19/2013,46.6292971,,,,
4/20/2013,47.92721367,,,,
4/21/2013,52.24843772,,,,
4/22/2013,56.69544252,,,,
4/23/2013,57.31432327,,,,
4/24/2013,62.12591139,,,,
4/25/2013,62.10130199,,,,
4/26/2013,62.39934842,,,,
4/27/2013,51.16835912,,,,
4/28/2013,54.57812476,,,,
4/29/2013,38.11263037,,UP,UP,
4/30/2013,29.07096386,,,,
5/1/2013,29.47291668,,,UP,
5/2/2013,29.5959634,,,UP,
5/3/2013,29.50026035,,,,
5/4/2013,29.4182295,,,,
5/5/2013,29.32434916,,,,
5/6/2013,29.26601537,,,,
5/7/2013,29.31432287,,,UP,
5/8/2013,29.71171864,,,UP,
5/9/2013,30.19388032,,,UP,
5/10/2013,30.4554685,,,,
5/11/2013,30.34062521,,,,
5/12/2013,30.25585961,,,,
5/13/2013,30.42265622,,,UP,
5/14/2013,30.66601578,,,UP,
5/15/2013,30.86835949,,,UP,
5/16/2013,30.98229194,,,,
5/17/2013,30.88658865,,,,
5/18/2013,30.85195303,,,,
5/19/2013,30.83828139,,,,
5/20/2013,30.81458362,,,,
5/21/2013,30.77630234,,,,
5/22/2013,30.75716154,,,,
5/23/2013,30.73710918,,,,
5/24/2013,30.74348934,,,,
5/25/2013,30.72617173,,,,
5/26/2013,30.67513037,,,,
5/27/2013,30.61679705,,,,
5/28/2013,30.76901046,,,,
5/29/2013,30.80273453,,,,
5/30/2013,30.77447899,,,,
5/31/2013,30.72617173,,,,
6/1/2013,30.61132789,,,,
6/2/2013,30.53294277,,,,
6/3/2013,30.50742213,,,,
6/4/2013,30.451823,,,,
6/5/2013,30.48828133,,,,
6/6/2013,30.50833321,,,,
6/7/2013,30.53111982,,,,
6/8/2013,30.65598973,,,,
6/9/2013,30.57578135,,,,
6/10/2013,30.52656253,,,,
6/11/2013,30.6944294,,,,
6/12/2013,30.55299489,,,,
6/13/2013,30.61406223,,,,
6/14/2013,30.48098954,,,,
6/15/2013,30.56848947,,,,
6/16/2013,30.65598941,,,,
6/17/2013,30.27499994,,,,
6/18/2013,31.24934896,,,,
6/19/2013,33.37942672,,,,
6/20/2013,35.45390638,,,,
6/21/2013,36.39088519,,,,
6/22/2013,36.90130202,,,,
6/23/2013,37.28867165,,,,
6/24/2013,36.145703,,,,
6/25/2013,32.63112013,,,,
6/26/2013,38.13632838,,,,
6/27/2013,38.12265635,,,,
6/28/2013,38.05794271,,,,
6/29/2013,37.99960868,,,,
6/30/2013,37.96223942,,,,
7/1/2013,37.9923172,,,,
7/2/2013,37.97044198,,,,
7/3/2013,37.90572929,,,,
7/4/2013,37.89661471,,,,
7/5/2013,37.91484356,,,,
7/6/2013,37.94674524,,,,
7/7/2013,37.94309966,,,,
7/8/2013,37.91393216,,,,
7/9/2013,37.87747367,,,,
7/10/2013,37.84648434,,,,
7/11/2013,37.81914091,,,,
7/12/2013,37.7799476,,,,
7/13/2013,37.68242216,,,,
7/14/2013,37.71341101,,,,
7/15/2013,37.74075476,,,,
7/16/2013,37.70338535,,,,
7/17/2013,37.76992114,,,,
7/18/2013,37.78541644,,,,
7/19/2013,37.74166648,,,,
7/20/2013,37.70156272,,,,
7/21/2013,37.68424447,,,,
7/22/2013,37.69973993,,,,
7/23/2013,37.73619779,,,,
7/24/2013,37.76171811,,,,
7/25/2013,37.78997389,,,,
7/26/2013,37.71888049,,,,
7/27/2013,37.70156256,,,,
7/28/2013,37.70703141,,,,
7/29/2013,37.75078185,,,,
7/30/2013,37.93307304,,,,
7/31/2013,37.96704448,,,,
8/1/2013,37.97499847,,,,
8/2/2013,37.93906348,,,,
8/3/2013,37.92031288,,,,
8/4/2013,37.95221345,,,,
8/5/2013,37.953125,,,,
8/6/2013,37.95403639,,,,
8/7/2013,37.95768197,,,,
8/8/2013,37.94856803,,,,
8/9/2013,37.93125121,,,,
8/10/2013,37.94218826,,,,
8/11/2013,37.93671974,,,,
8/12/2013,37.90937567,,,,
8/13/2013,37.89023431,,,,
8/14/2013,37.89023415,,,,
8/15/2013,37.88476594,,,,
8/16/2013,37.86835925,,,,
8/17/2013,37.83190187,,,,
8/18/2013,37.83281342,,,,
8/19/2013,37.87929662,,,,
8/20/2013,37.91119814,,,,
8/21/2013,37.8984375,,,,
8/22/2013,37.89114618,,,,
8/23/2013,37.86835861,,,,
8/24/2013,37.85012976,,,,
8/25/2013,37.86015542,,,,
8/26/2013,37.88203065,,,,
8/27/2013,37.87473917,,,,
8/28/2013,37.86562427,,,,
8/29/2013,37.86562363,,,,
8/30/2013,37.84557279,,,,
8/31/2013,37.87291606,,,,
9/1/2013,37.91666698,,,,
9/2/2013,37.9175787,,,,
9/3/2013,38.05611944,,,,
9/4/2013,37.94309886,,,,
9/5/2013,37.88932228,,,,
9/6/2013,37.84192721,,,,
9/7/2013,37.83281326,,,,
9/8/2013,37.85924371,,,,
9/9/2013,37.87565056,,,,
9/10/2013,37.86926969,,,,
9/11/2013,37.88932339,,,,
9/12/2013,37.89661455,,,,
9/13/2013,37.88203144,,,,
9/14/2013,37.8847661,,,,
9/15/2013,37.88841168,,,,
9/16/2013,37.92031288,,,,
9/17/2013,37.91119814,,,,
9/18/2013,37.88841105,,,,
9/19/2013,37.88111989,,,,
9/20/2013,37.87473917,,,,
9/21/2013,37.88385391,,,,
9/22/2013,37.92669376,,,,
9/23/2013,37.92760499,,,,
9/24/2013,37.86835909,,,,
9/25/2013,34.00651066,,,,
9/26/2013,37.88385328,,,,
9/27/2013,37.86380164,,,,
9/28/2013,37.83828163,,,,
9/29/2013,37.87656196,,,,
9/30/2013,37.9421881,,,,
10/1/2013,37.93489567,,,,
10/2/2013,37.91119766,,,,
10/3/2013,37.86015622,,,,
10/4/2013,37.82005246,,,,
10/5/2013,37.81640736,,,,
10/6/2013,37.77994823,,,,
10/7/2013,37.77356784,,,,
10/8/2013,37.76354138,,,,
10/9/2013,37.76262967,,,,
10/10/2013,37.74622313,,,,
10/11/2013,37.73528639,,,,
10/12/2013,37.74257755,,,,
10/13/2013,37.75624943,,,,
10/14/2013,37.78359413,,,,
10/15/2013,37.79635429,,,,
10/16/2013,37.77630218,,,,
10/17/2013,37.786328,,,,
10/18/2013,37.77721326,,,,
10/19/2013,37.76445278,,,,
10/20/2013,37.7526029,,,,
10/21/2013,37.76262919,,,,
10/22/2013,37.80820322,,,,
10/23/2013,37.7890625,,,,
10/24/2013,37.78450505,,,,
10/25/2013,37.76445246,,,,
10/26/2013,37.75898393,,,,
10/27/2013,37.77265612,,,,
10/28/2013,37.82278728,,,,
10/29/2013,37.87838491,,,,
10/30/2013,37.16197991,,,,
10/31/2013,37.90117168,,,,
11/1/2013,37.92851607,,,,
11/2/2013,37.94309918,,,,
11/3/2013,37.92687454,,,,
11/4/2013,37.94947942,,,,
11/5/2013,37.94492245,,,,
11/6/2013,37.94401042,,,,
11/7/2013,37.91575527,,,,
11/8/2013,37.91666683,,,,
11/9/2013,37.9257822,,,,
11/10/2013,37.92487065,,,,
11/11/2013,37.91848962,,,,
11/12/2013,37.90937487,,,,
11/13/2013,37.92760483,,,,
11/14/2013,37.9148442,,,,
11/15/2013,37.8984375,,,,
11/16/2013,37.91848977,,,,
11/17/2013,37.91119766,,,,
11/18/2013,37.93671989,,,,
11/19/2013,37.98775943,,,,
11/20/2013,38.01692692,,,,
11/21/2013,37.23580718,,,,
11/22/2013,37.98867178,,,,
11/23/2013,37.97773361,,,,
11/24/2013,37.98593712,,,,
11/25/2013,37.99231799,,,,
11/26/2013,37.99231799,,,,
11/27/2013,37.99231799,,,,
11/28/2013,37.98229106,,,,
11/29/2013,37.98867178,,,,
11/30/2013,37.98320246,,,,
12/1/2013,37.98137935,,,,
12/2/2013,37.98593712,,,,
12/3/2013,37.98776038,,,,
12/4/2013,37.98958333,,,,
12/5/2013,37.98684867,,,,
12/6/2013,37.99687497,,,,
12/7/2013,38.01237027,,,,
12/8/2013,38.01145808,,,,
12/9/2013,38.00690111,,,,
12/10/2013,38.00507832,,,,
12/11/2013,37.98502556,,,,
12/12/2013,37.9822909,,,,
12/13/2013,37.9713529,,,,
12/14/2013,37.97317584,,,,
12/15/2013,37.9740874,,,,
12/16/2013,37.96406174,,,,
12/17/2013,37.93945408,,,,
12/18/2013,37.93216276,,,,
12/19/2013,37.92122444,,,,
12/20/2013,37.90026045,,,,
12/21/2013,37.88385455,,,,
12/22/2013,37.87565056,,,,
12/23/2013,37.87565056,,,,
12/24/2013,37.87200451,,,,
12/25/2013,37.86835814,,,,
12/26/2013,37.87200435,,,,
12/27/2013,37.86015558,,,,
12/28/2013,37.84010442,,,,
12/29/2013,37.84557279,,,,
12/30/2013,37.84648418,,,,
12/31/2013,37.8417615,,,,
1/1/2014,37.83281326,,,,
1/2/2014,37.82461055,,,,
1/3/2014,37.81458394,,,,
1/4/2014,37.80546856,,,,
1/5/2014,37.78268274,,,,
1/6/2014,37.77265612,,,,
1/7/2014,37.74713453,,,,
1/8/2014,37.71250073,,,,
1/9/2014,37.66874949,,,,
1/10/2014,37.63137976,,,,
1/11/2014,37.61497466,,,,
1/12/2014,37.59218772,,,,
1/13/2014,37.64140638,,,,
1/14/2014,37.68151093,,,,
1/15/2014,37.65963507,,,,
1/16/2014,37.71432304,,,,
1/17/2014,37.70429738,,,,
1/18/2014,37.66145786,,,,
1/19/2014,37.67604144,,,,
1/20/2014,37.63867092,,,,
1/21/2014,37.63320255,,,,
1/22/2014,37.62226613,,,,
1/23/2014,37.60494804,,,,
1/24/2014,37.60403728,,,,
1/25/2014,37.60768255,,,,
1/26/2014,37.62044303,,,,
1/27/2014,37.61862024,,,,
1/28/2014,37.59127633,,,,
1/29/2014,37.61132908,,,,
1/30/2014,37.63520762,,,,
1/31/2014,,,,,
2/1/2014,,,,,
2/2/2014,,,,,
2/3/2014,37.57395808,,,,
2/4/2014,37.57669258,,,,
2/5/2014,37.56940079,,,,
2/6/2014,37.63867235,,,,
2/7/2014,37.71523492,,,,
2/8/2014,37.92122412,,DOWN,,
2/9/2014,47.28554678,,,,
2/10/2014,54.22174438,,,,
2/11/2014,50.64882787,,,,
2/12/2014,48.6335942,,,,
2/13/2014,45.21835947,,,,
2/14/2014,48.79401032,,,,
2/15/2014,33.88893215,,,,
2/16/2014,31.51093737,,,,
2/17/2014,31.18007811,,,,
2/18/2014,31.13723946,,,,
2/19/2014,29.64062476,,,,
2/20/2014,28.19960888,,,,
2/21/2014,28.16132792,,,,
2/22/2014,28.16223939,,,,
2/23/2014,28.16406218,,,,
2/24/2014,28.20963494,,,,
2/25/2014,28.29440069,,,,
2/26/2014,28.41927052,,,,
2/27/2014,28.19869765,,,,
2/28/2014,27.80403622,,,,
3/1/2014,28.45937475,,,,
3/2/2014,29.18763026,,,,
3/3/2014,30.54843744,,,,
3/4/2014,22.9878908,,,,
3/5/2014,19.25,,,,
3/6/2014,19.25,,,,
3/7/2014,19.25,,,,
3/8/2014,19.25,,,,
3/9/2014,19.25,,,,
3/10/2014,19.25,,,,
3/11/2014,19.25,,,,
3/12/2014,19.25,,,,
3/13/2014,19.25,,,,
3/14/2014,29.00104087,,,,
3/15/2014,37.86562347,,,,
3/16/2014,37.86562347,,,,
3/17/2014,37.86562347,,,UP,
3/18/2014,37.86562347,,,,
3/19/2014,37.86562347,,,,
3/20/2014,37.86562347,,,,
3/21/2014,37.86562347,,,,
3/22/2014,37.86562347,,,,
3/23/2014,37.86562347,,,,
3/24/2014,37.86562347,,,,
3/25/2014,37.86562347,,,,
3/26/2014,37.86562347,,,,
3/27/2014,30.10911369,,,,
3/28/2014,19.25820327,,,,
3/29/2014,19.27187538,,,,
3/30/2014,19.27187538,,,,
3/31/2014,19.27187538,,,,
4/1/2014,19.27187538,,,,
4/2/2014,19.26276064,,,,
4/3/2014,19.25,,,,
4/4/2014,19.25,,,,
4/5/2014,19.25,,,,
4/6/2014,19.25,,,,
4/7/2014,19.25,,,,
4/8/2014,19.25,,,,
4/9/2014,19.25,,,,
4/10/2014,19.25,,,,
4/11/2014,19.25,,,,
4/12/2014,19.25,,,,
4/13/2014,19.25,,,,
4/14/2014,19.25,,,,
4/15/2014,19.25,,,,
4/16/2014,19.25,,,,
4/17/2014,19.25,,,,
4/18/2014,19.25,,,,
4/19/2014,19.25,,,,
4/20/2014,19.25,,,,
4/21/2014,19.25,,,,
4/22/2014,19.25,,,,
4/23/2014,19.25,,,,
4/24/2014,19.25,,,,
4/25/2014,19.25,,,,
4/26/2014,19.25,,,,
4/27/2014,19.25,,,,
4/28/2014,19.25,,,,
4/29/2014,19.25,,,,
4/30/2014,19.25,,,,
5/1/2014,19.25,,,,
5/2/2014,19.25,,,,
5/3/2014,19.25,,,,
5/4/2014,19.25,,,,
5/5/2014,19.25,,,,
5/6/2014,19.25,,,,
5/7/2014,19.25,,,,
5/8/2014,19.25,,,,
5/9/2014,19.25,,,,
5/10/2014,19.25,,,,
5/11/2014,19.25,,,,
5/12/2014,19.25,,,,
5/13/2014,19.25,,,,
5/14/2014,19.25,,,,
5/15/2014,19.25,,,,
5/16/2014,19.25,,,,
5/17/2014,19.25,,,,
5/18/2014,19.25,,,,
5/19/2014,19.25,,,,
5/20/2014,19.25,,,,
5/21/2014,19.25,,,,
5/22/2014,19.25,,,,
5/23/2014,19.25,,,,
5/24/2014,19.25,,,,
5/25/2014,19.25,,,,
5/26/2014,19.25,,,,
5/27/2014,19.25,,,,
5/28/2014,19.25,,,,
5/29/2014,19.25,,,,
5/30/2014,19.25,,,,
5/31/2014,19.25,,,,
6/1/2014,19.25,,,,
6/2/2014,19.25,,,,
6/3/2014,19.25,,,,
6/4/2014,19.25,,,,
6/5/2014,19.25,,,,
6/6/2014,19.25,,,,
6/7/2014,19.25,,,,
6/8/2014,19.25,,,,
6/9/2014,19.25,,,,
6/10/2014,19.25,,,,
6/11/2014,19.25,,,,
6/12/2014,19.25,,,,
6/13/2014,19.25,,,,
6/14/2014,19.25,,,,
6/15/2014,19.25,,,,
6/16/2014,19.25,,,UP,
6/17/2014,19.25,,,,
6/18/2014,19.25,,,,
6/19/2014,24.06705721,,UP,DOWN,
6/20/2014,28.14765612,,,UP,
6/21/2014,28.14583341,,,,
6/22/2014,28.1485676,,,,
6/23/2014,28.14218752,,,,
6/24/2014,28.14765628,,,,
6/25/2014,27.41575503,,,,
6/26/2014,28.16406234,,,,
6/27/2014,22.60598969,,,,
6/28/2014,19.27187538,,,,
6/29/2014,19.27187538,,,,
6/30/2014,19.27187538,,,,
7/1/2014,,,,,
7/2/2014,,,,,
7/3/2014,,,,,
7/4/2014,,,,,
7/5/2014,,,,,
7/6/2014,,,,,
7/7/2014,,,,,
7/8/2014,28.17062454,,,,
7/9/2014,28.15768202,,,,
7/10/2014,28.16041644,,,,
7/11/2014,28.1576821,,,,
7/12/2014,28.15677087,,,,
7/13/2014,28.15585915,,,,
7/14/2014,28.15950497,,,,
7/15/2014,28.1585935,,,,
7/16/2014,26.67838518,,,,
7/17/2014,28.1667966,,,,
7/18/2014,28.1585935,,,,
7/19/2014,28.16132784,,,,
7/20/2014,28.16315095,,,,
7/21/2014,28.16041652,,,,
7/22/2014,25.19635415,,,,
7/23/2014,24.92747378,,,,
7/24/2014,27.48229146,,,,
7/25/2014,28.15403628,,,,
7/26/2014,28.15585923,,,,
7/27/2014,28.15312521,,,,
7/28/2014,28.15403628,,,,
7/29/2014,28.15950505,,,,
7/30/2014,28.16041644,,,,
7/31/2014,28.15494784,,,,
8/1/2014,28.15859358,,,,
8/2/2014,28.16223939,,,,
8/3/2014,28.16315071,,,,
8/4/2014,28.16223931,,,,
8/5/2014,28.15221357,,,,
8/6/2014,28.1503907,,,,
8/7/2014,27.85325495,,,,
8/8/2014,27.46223919,,,,
8/9/2014,27.43124962,,,,
8/10/2014,27.43124962,,,,
8/11/2014,27.43124962,,,,
8/12/2014,27.43124962,,,,
8/13/2014,27.43124962,,,,
8/14/2014,27.47044237,,,,
8/15/2014,28.87135394,,,,
8/16/2014,30.76901062,,,,
8/17/2014,31.44895832,,,,
8/18/2014,28.43932263,,,,
8/19/2014,27.43124962,,,,
8/20/2014,27.65182257,,,,
8/21/2014,27.43124962,,,,
8/22/2014,27.53333295,,,,
8/23/2014,27.43124962,,,,
8/24/2014,27.43124962,,,,
8/25/2014,27.43124962,,,,
8/26/2014,27.44856731,,,,
8/27/2014,27.92526031,,,,
8/28/2014,28.1667966,,,,
8/29/2014,28.16770808,,,,
8/30/2014,29.47656218,,,,
8/31/2014,31.85911417,,,,
9/1/2014,31.77799495,,,,
9/2/2014,32.29023457,,,,
9/3/2014,32.16671181,,,,
9/4/2014,32.11614553,,,,
9/5/2014,32.1143233,,,,
9/6/2014,32.27747385,,,,
9/7/2014,32.1234374,,,,
9/8/2014,32.26562532,,,,
9/9/2014,32.12252593,,,,
9/10/2014,29.48203111,,,,
9/11/2014,29.42825508,,,,
9/12/2014,30.10820309,,,,
9/13/2014,30.23124997,,,,
9/14/2014,30.35429692,,,,
9/15/2014,30.91575519,,,,
9/16/2014,30.80091143,,,,
9/17/2014,27.90703138,,,,
9/18/2014,27.44036428,,,,
9/19/2014,27.43124962,,,,
9/20/2014,27.43124962,,,,
9/21/2014,27.43124962,,,,
9/22/2014,27.45221321,,,,
9/23/2014,27.43124962,,,,
9/24/2014,27.43124962,,,,
9/25/2014,27.73203103,,,,
9/26/2014,28.10390615,,,,
9/27/2014,27.75664043,,,,
9/28/2014,27.9963541,,,,
9/29/2014,28.78932293,,,,
9/30/2014,29.33710949,,,,
10/1/2014,29.22682293,,,,
10/2/2014,27.43124962,,,,
10/3/2014,27.93710915,,,,
10/4/2014,28.91966136,,,,
10/5/2014,29.51302083,,,,
10/6/2014,28.99166648,,,,
10/7/2014,28.97799468,,,,
10/8/2014,28.6662759,,,,
10/9/2014,28.47031252,,,,
10/10/2014,29.17213535,,,,
10/11/2014,29.23776031,,,,
10/12/2014,28.19140617,,,,
10/13/2014,29.23229178,,,,
10/14/2014,28.67812506,,,,
10/15/2014,27.74570298,,,,
10/16/2014,28.46119801,,,,
10/17/2014,29.31432279,,,,
10/18/2014,29.99427088,,,,
10/19/2014,30.48098954,,,,
10/20/2014,29.47200529,,,,
10/21/2014,28.7692709,,,,
10/22/2014,29.37174471,,,,
10/23/2014,29.16119806,,,,
10/24/2014,29.12656252,,,,
10/25/2014,28.3244791,,,,
10/26/2014,27.46315082,,,,
10/27/2014,27.72838537,,,UP,
10/28/2014,28.92604168,,,,
10/29/2014,29.23776023,,,,
10/30/2014,29.70078119,,,,
10/31/2014,28.65807279,,,,
11/1/2014,27.8979164,,,,
11/2/2014,28.84612503,,,,
11/3/2014,29.24505202,,,,
11/4/2014,29.59687487,,,,
11/5/2014,28.35911441,,,,
11/6/2014,28.06835945,,,,
11/7/2014,27.99453139,,,,
11/8/2014,28.19140617,,,,
11/9/2014,27.90794253,,,,
11/10/2014,27.735677,,,,
11/11/2014,27.83593758,,,,
11/12/2014,27.77031247,,,,
11/13/2014,27.71106752,,,,
11/14/2014,27.44856739,,,,
11/15/2014,27.43854133,,,,
11/16/2014,27.91796859,,,,
11/17/2014,28.26432284,,,,
11/18/2014,29.29335952,,,,
11/19/2014,28.42929665,,,,
11/20/2014,27.43124962,,,,
11/21/2014,27.43124962,,,,
11/22/2014,27.43124962,,,,
11/23/2014,27.43124962,,,,
11/24/2014,27.43124962,,,,
11/25/2014,27.43216109,,,,
11/26/2014,27.43124962,,,,
11/27/2014,27.43124962,,,,
11/28/2014,27.43124962,,,,
11/29/2014,27.43124962,,,,
11/30/2014,27.43124962,,,,
12/1/2014,27.43124962,,,,
12/2/2014,27.43124962,,,,
12/3/2014,27.43124962,,,,
12/4/2014,27.43124962,,,,
12/5/2014,,,,,
12/6/2014,,,,,
12/7/2014,,,,,
12/8/2014,,,,,
12/9/2014,,,,,
12/10/2014,27.43124962,,,,
12/11/2014,27.43124962,,,,
12/12/2014,27.43124962,,,,
12/13/2014,27.43124962,,,,
12/14/2014,27.43124962,,,,
12/15/2014,27.43124962,,,,
12/16/2014,27.43124962,,,,
12/17/2014,27.43124962,,,,
12/18/2014,,,,,
12/19/2014,,,,,
12/20/2014,,,,,
12/21/2014,,,,,
12/22/2014,27.43124962,,,,
12/23/2014,27.43124962,,,,
12/24/2014,27.43124962,,,,
12/25/2014,27.43124962,,,,
12/26/2014,27.43124962,,,,
12/27/2014,27.43124962,,,,
12/28/2014,27.43124962,,,,
12/29/2014,27.43216109,,,,
12/30/2014,27.43124962,,,,
12/31/2014,27.43124962,,DOWN,,
1/1/2015,27.43124962,,,,
1/2/2015,27.54244781,,,,
1/3/2015,27.66276018,,,,
1/4/2015,27.6016926,,,,
1/5/2015,27.55247378,,,,
1/6/2015,27.79127582,,,,
1/7/2015,27.76757781,,,,
1/8/2015,27.59713531,,,,
1/9/2015,27.45768197,,,,
1/10/2015,27.43124962,,,,
1/11/2015,27.43124962,,,,
1/12/2015,27.43124962,,,,
1/13/2015,27.45312467,,,,
1/14/2015,27.50963521,,,,
1/15/2015,27.52421864,,,,
1/16/2015,27.43124962,,,,
1/17/2015,27.43124962,,,,
1/18/2015,27.43124962,,,,
1/19/2015,27.43124962,,,,
1/20/2015,27.43124962,,,,
1/21/2015,27.43124962,,,,
1/22/2015,27.43124962,,,,
1/23/2015,27.43124962,,,,
1/24/2015,27.43124962,,,,
1/25/2015,27.43124962,,,,
1/26/2015,27.43124962,,,,
1/27/2015,27.43124962,,,,
1/28/2015,27.43124962,,,,
1/29/2015,27.43124962,,,,
1/30/2015,27.43124962,,,,
1/31/2015,27.43124962,,,,
2/1/2015,27.43124962,,,,
2/2/2015,27.43124962,,,,
2/3/2015,29.11380188,,,,
2/4/2015,30.15924462,,,,
2/5/2015,29.81744798,,,,
2/6/2015,31.24843764,,,,
2/7/2015,29.98059885,,,,
2/8/2015,29.23320317,,,,
2/9/2015,28.25065112,,,,
2/10/2015,28.47760415,,,,
2/11/2015,27.87421854,,,,
2/12/2015,27.66276018,,,,
2/13/2015,27.93619776,,,,
2/14/2015,28.04010399,,,,
2/15/2015,27.46315082,,,,
2/16/2015,27.43124962,,,,
2/17/2015,27.43124962,,,,
2/18/2015,27.43124962,,,,
2/19/2015,27.48520813,,,,
2/20/2015,27.55247402,,,,
2/21/2015,27.60442686,,,,
2/22/2015,27.67552066,,,,
2/23/2015,27.94622389,,,,
2/24/2015,28.04739579,,,,
2/25/2015,27.9717447,,,,
2/26/2015,27.83411455,,,,
2/27/2015,27.84140627,,,,
2/28/2015,28.045573,,,,
3/1/2015,28.04557292,,,,
3/2/2015,28.22513032,,,,
3/3/2015,28.46484391,,,,
3/4/2015,28.7437501,,,,
3/5/2015,27.71015604,,,,
3/6/2015,27.46406229,,,,
3/7/2015,28.12760393,,,,
3/8/2015,27.98858676,,,,
3/9/2015,27.46861951,,,,
3/10/2015,27.81979134,,,,
3/11/2015,28.19249954,,,,
3/12/2015,28.16588521,,,,
3/13/2015,28.16315087,,,,
3/14/2015,28.16588529,,,,
3/15/2015,28.16132784,,,,
3/16/2015,28.16406242,,,,
3/17/2015,28.16132792,,,,
3/18/2015,28.1576821,,,,
3/19/2015,28.15950505,,,,
3/20/2015,28.16406226,,,,
3/21/2015,28.161328,,,,
3/22/2015,28.51770822,,,,
3/23/2015,31.1910154,,,,
3/24/2015,31.56835945,,,,
3/25/2015,31.05794271,,,,
3/26/2015,29.17942699,,,,
3/27/2015,28.53958305,,,,
3/28/2015,27.43124962,,,,
3/29/2015,27.43124962,,,,
3/30/2015,27.68645811,,,,
3/31/2015,28.04374981,,,,
4/1/2015,27.43124962,,UP,,
4/2/2015,27.43762986,,,,
4/3/2015,28.650781,,,,
4/4/2015,30.01523439,,,,
4/5/2015,28.43932279,,,,
4/6/2015,27.43124962,,,,
4/7/2015,29.39361962,,,,
4/8/2015,32.11523437,,,,
4/9/2015,30.8018229,,,,
4/10/2015,29.91132816,,,,
4/11/2015,31.7442708,,,,
4/12/2015,31.54921873,,,,
4/13/2015,31.72330729,,,,
4/14/2015,31.86822923,,,,
4/15/2015,31.69505223,,,,
4/16/2015,31.48268239,,,,
4/17/2015,31.36783854,,,,
4/18/2015,31.69322936,,,,
4/19/2015,31.77343798,,,,
4/20/2015,31.7898438,,,,
4/21/2015,26.92265638,,,,
4/22/2015,27.43124962,,,,
4/23/2015,27.43124962,,,,
4/24/2015,27.43124962,,,,
4/25/2015,27.47499975,,,,
4/26/2015,27.5105466,,,,
4/27/2015,27.43489552,,,,
4/28/2015,27.47955696,,,,
4/29/2015,27.43124962,,,,
4/30/2015,27.43124962,,,,
5/1/2015,27.43216109,,,,
5/2/2015,27.43124962,,,,
5/3/2015,27.45312476,,,,
5/4/2015,27.43124962,,,,
5/5/2015,27.43124962,,,,
5/6/2015,27.43398404,,,,
5/7/2015,27.43124962,,,,
5/8/2015,27.43124962,,,,
5/9/2015,27.43124962,,,,
5/10/2015,27.43124962,,,,
5/11/2015,27.43124962,,,,
5/12/2015,27.23437468,,,,
5/13/2015,27.91796859,,,,
5/14/2015,27.68828114,,,,
5/15/2015,28.08841157,,,,
5/16/2015,28.26796873,,,,
5/17/2015,28.3217446,,,,
5/18/2015,26.29101563,,,,
5/19/2015,27.59986965,,,,
5/20/2015,27.80130219,,,,
5/21/2015,27.626302,,,,
5/22/2015,27.50598931,,,,
5/23/2015,27.53606749,,,,
5/24/2015,27.56249976,,,,
5/25/2015,27.61171873,,,,
5/26/2015,27.64453117,,,,
5/27/2015,27.99453115,,,,
5/28/2015,28.73919272,,,,
5/29/2015,29.01249985,,,,
5/30/2015,29.04726545,,,,
5/31/2015,29.37812487,,,,
6/1/2015,29.20403632,,,,
6/2/2015,28.58971334,,,,
6/3/2015,28.37278644,,,,
6/4/2015,28.62981764,,,,
6/5/2015,28.50585945,,,,
6/6/2015,28.8430988,,,,
6/7/2015,28.68997415,,,,
6/8/2015,27.88971337,,,,
6/9/2015,28.00729171,,,,
6/10/2015,27.04114564,,,,
6/11/2015,27.43124962,,,,
6/12/2015,27.43124962,,,,
6/13/2015,27.43124962,,,,
6/14/2015,27.43124962,,,,
6/15/2015,27.43124962,,,,
6/16/2015,27.43216109,,,,
6/17/2015,27.43124962,,,,
6/18/2015,27.43124962,,,,
6/19/2015,,,,,
6/20/2015,,,,,
6/21/2015,,,,,
6/22/2015,,,,,
6/23/2015,,,,,
6/24/2015,27.43124962,,,,
6/25/2015,27.43124962,,,,
6/26/2015,27.43124962,,,,
6/27/2015,27.43124962,,,,
6/28/2015,27.43124962,,,,
6/29/2015,27.43124962,,,,
6/30/2015,27.43124962,,,UP,
7/1/2015,27.43124962,,,UP,
7/2/2015,27.43124962,,,,
7/3/2015,27.43124962,,,,
7/4/2015,27.43124962,,,,
7/5/2015,27.43124962,,,,
7/6/2015,27.43124962,,,UP,
7/7/2015,27.43124962,,,,
7/8/2015,27.43124962,,,,
7/9/2015,27.43124962,,,,
7/10/2015,27.43124962,,,,
7/11/2015,27.43124962,,,,
7/12/2015,27.43124962,,,,
7/13/2015,27.43124962,,,UP,
7/14/2015,27.43124962,,,,
7/15/2015,27.43124962,,,,
7/16/2015,27.43124962,,,,
7/17/2015,27.43124962,,,,
7/18/2015,27.43124962,,,,
7/19/2015,27.43216109,,,,
7/20/2015,27.43124962,,,,
7/21/2015,27.43124962,,,,
7/22/2015,27.43124962,,,UP,
7/23/2015,27.43124962,,,UP,
7/24/2015,27.43124962,,,,
7/25/2015,27.43124962,,,,
7/26/2015,27.43124962,,,,
7/27/2015,27.43124962,,,,
7/28/2015,27.43124962,,,,
7/29/2015,27.43124962,,,,
7/30/2015,27.43124962,,,,
7/31/2015,27.43216109,,,,
8/1/2015,27.43124962,,,,
8/2/2015,27.43124962,,,,
8/3/2015,27.43124962,,,,
8/4/2015,27.43124962,,,,
8/5/2015,27.43124962,,,,
8/6/2015,27.43124962,,,,
8/7/2015,27.43124962,,,,
8/8/2015,27.43124962,,,,
8/9/2015,27.43124962,,,,
8/10/2015,27.43124962,,,,
8/11/2015,27.43124962,,,,
8/12/2015,27.43124962,,,,
8/13/2015,27.44856739,,,,
8/14/2015,27.45494763,,,,
8/15/2015,27.4558591,,,,
8/16/2015,27.43124962,,,,
8/17/2015,27.43124962,,,,
8/18/2015,27.43124962,,,,
8/19/2015,27.43124962,,,,
8/20/2015,27.43124962,,,,
8/21/2015,27.42122372,,,,
8/22/2015,27.43124962,,,,
8/23/2015,27.43124962,,,,
8/24/2015,27.43124962,,,,
8/25/2015,27.43124962,,,,
8/26/2015,27.43124962,,,,
8/27/2015,27.44492149,,,,
8/28/2015,27.43124962,,,,
8/29/2015,27.43124962,,,,
8/30/2015,27.43124962,,,,
8/31/2015,27.43124962,,,,
9/1/2015,27.43124962,,,,
9/2/2015,27.09127569,,,,
9/3/2015,27.43124962,,,,
9/4/2015,27.45950484,,,,
9/5/2015,27.43124962,,,,
9/6/2015,27.66002576,,,,
9/7/2015,27.4440101,,,,
9/8/2015,27.48320278,,,,
9/9/2015,27.57799451,,,,
9/10/2015,27.43124962,,,,
9/11/2015,27.43124962,,,,
9/12/2015,27.43124962,,DOWN,,
9/13/2015,,,,,
9/14/2015,,,,,
9/15/2015,,,,,
9/16/2015,,,,,
9/17/2015,29.43499985,,,,
9/18/2015,29.5221355,,,,
9/19/2015,29.24778636,,,,
9/20/2015,29.23684883,,,,
9/21/2015,28.7938803,,,,
9/22/2015,29.35898415,,,,
9/23/2015,28.98528655,,,,
9/24/2015,28.8622396,,,,
9/25/2015,29.62604157,,,,
9/26/2015,30.07083329,,,,
9/27/2015,30.2421875,,,,
9/28/2015,30.0042967,,,,
9/29/2015,30.09361974,,,,
9/30/2015,30.11549473,,,,
10/1/2015,29.795573,,,,
10/2/2015,28.99440066,,,,
10/3/2015,28.16406234,,,,
10/4/2015,28.16497366,,,,
10/5/2015,28.16588521,,,,
10/6/2015,28.16223931,,,,
10/7/2015,28.1667966,,,,
10/8/2015,28.16132792,,,,
10/9/2015,28.16497382,,,,
10/10/2015,28.16406226,,,,
10/11/2015,28.16406234,,,,
10/12/2015,28.16679668,,,,
10/13/2015,28.1585935,,,,
10/14/2015,28.16223939,,,,
10/15/2015,28.16406234,,,,
10/16/2015,28.16679653,,,,
10/17/2015,28.16406226,,,,
10/18/2015,28.16861947,,,,
10/19/2015,28.1576821,,,,
10/20/2015,28.16315087,,,,
10/21/2015,28.16315079,,,,
10/22/2015,28.15768202,,,UP,
10/23/2015,28.16315079,,,UP,
10/24/2015,28.16406226,,,,
10/25/2015,28.16223931,,,,
10/26/2015,27.78945295,,,,
10/27/2015,27.78307287,,,,
10/28/2015,25.57278625,,,,
10/29/2015,25.57643207,,,,
10/30/2015,27.79583311,,,,
10/31/2015,28.16132784,,,,
11/1/2015,28.15924995,,,,
11/2/2015,29.09374984,,,,
11/3/2015,28.16548895,,,,
11/4/2015,28.16770824,,,,
11/5/2015,28.16223931,,,,
11/6/2015,28.16041644,,,,
11/7/2015,28.16041636,,,,
11/8/2015,28.16223947,,,,
11/9/2015,31.80078093,,,,
11/10/2015,28.19960912,,,,
11/11/2015,28.16223931,,,,
11/12/2015,28.16315079,,,,
11/13/2015,28.16132784,,,,
11/14/2015,28.61523414,,,,
11/15/2015,32.92734337,,,,
11/16/2015,28.16223931,,,,
11/17/2015,28.16588513,,,,
11/18/2015,28.16315087,,,,
11/19/2015,28.15950489,,,,
11/20/2015,28.16223931,,,,
11/21/2015,28.16223931,,,,
11/22/2015,28.16223931,,,,
11/23/2015,28.16223923,,,,
11/24/2015,30.5548172,,,,
11/25/2015,28.16315079,,,,
11/26/2015,28.1576821,,,,
11/27/2015,28.16315071,,,,
11/28/2015,28.16132776,,,,
11/29/2015,28.16132776,,,,
11/30/2015,28.15677079,,,,
12/1/2015,28.16223923,,,,
12/2/2015,28.1667966,,,,
12/3/2015,36.34622383,,,,
12/4/2015,30.80637987,,,,
12/5/2015,28.33632779,,,,
12/6/2015,33.96276013,,,,
12/7/2015,30.17291657,,,,
12/8/2015,28.16315087,,,,
12/9/2015,28.15768218,,,,
12/10/2015,34.50872405,,,,
12/11/2015,32.97838545,,,,
12/12/2015,33.40950584,,,,
12/13/2015,32.57916657,,,,
12/14/2015,32.80429681,,,,
12/15/2015,32.77968804,,,,
12/16/2015,32.83346335,,,,
12/17/2015,32.99661477,,,,
12/18/2015,32.7833333,,,,
12/19/2015,32.63020849,,,,
12/20/2015,34.80585925,,,,
12/21/2015,33.56718763,,,,
12/22/2015,32.62565072,,,,
12/23/2015,32.95559899,,,,
12/24/2015,33.15794277,,,,
12/25/2015,33.27005227,,,,
12/26/2015,33.44414059,,,,
12/27/2015,33.72304678,,,,
12/28/2015,33.55716133,,,,
12/29/2015,33.572656,,,,
12/30/2015,33.79869779,,,,
12/31/2015,33.69934893,,,,
1/1/2016,33.72578096,,,,
1/2/2016,33.6674482,,,,
1/3/2016,33.30104176,,,,
1/4/2016,32.82829857,,,,
1/5/2016,33.87781219,,,,
1/6/2016,34.10859346,,,,
1/7/2016,34.64544296,,,,
1/8/2016,32.5328802,,,,
1/9/2016,32.48247296,,,,
1/10/2016,32.31940126,,,,
1/11/2016,32.32851569,,,,
1/12/2016,32.30390596,,,,
1/13/2016,32.22460953,,,,
1/14/2016,32.57552099,,,,
1/15/2016,32.30755218,,,,
1/16/2016,32.19544236,,,,
1/17/2016,32.15625032,,,,
1/18/2016,35.0191408,,,,
1/19/2016,41.37200507,,,,
1/20/2016,43.70260413,,,,
1/21/2016,40.98281288,,,,
1/22/2016,49.31171878,,,,
1/23/2016,44.6022137,,,,
1/24/2016,40.56263034,,,,
1/25/2016,39.6766928,,,,
1/26/2016,45.74335957,,,,
1/27/2016,44.05716133,,,,
1/28/2016,31.90195354,,,,
1/29/2016,28.15312529,,,,
1/30/2016,28.16588505,,,,
1/31/2016,28.16953087,,,,
2/1/2016,28.16041636,,,,
2/2/2016,28.1640621,,,,
2/3/2016,28.16588513,,,,
2/4/2016,28.15768202,,,,
2/5/2016,28.16406218,,,,
2/6/2016,28.16497374,,,,
2/7/2016,28.15950497,,,,
2/8/2016,28.16041644,,,,
2/9/2016,28.16041644,,,,
2/10/2016,28.16315079,,,,
2/11/2016,28.1585935,,,,
2/12/2016,28.1585935,,,,
2/13/2016,28.16041644,,,,
2/14/2016,28.15677071,,,,
2/15/2016,28.15768202,,,,
2/16/2016,28.15768202,,,,
2/17/2016,28.17317661,,,,
2/18/2016,28.17135382,,,,
2/19/2016,28.16223939,,,,
2/20/2016,28.16041644,,,,
2/21/2016,28.16223939,,,,
2/22/2016,28.16132784,,,,
2/23/2016,28.1576821,,,,
2/24/2016,28.15677063,,,,
2/25/2016,28.1576821,,,,
2/26/2016,28.16315071,,,,
2/27/2016,28.16041644,,,,
2/28/2016,28.16132792,,,,
2/29/2016,28.15950497,,,,
3/1/2016,28.16497374,,,,
3/2/2016,28.16770792,,,,
3/3/2016,28.16041644,,,,
3/4/2016,28.15494808,,,,
3/5/2016,28.17226505,,,,
3/6/2016,28.16770784,,,,
3/7/2016,28.16223931,,,,
3/8/2016,28.16679653,,,,
3/9/2016,28.15677087,,,,
3/10/2016,28.15677118,,,,
3/11/2016,28.16588521,,,,
3/12/2016,28.16588545,,,,
3/13/2016,28.14837025,,,,
3/14/2016,28.15950513,,,,
3/15/2016,28.15859358,,,,
3/16/2016,28.1576821,,,,
3/17/2016,28.15677063,,,,
3/18/2016,28.16132784,,,,
3/19/2016,28.16497374,,,,
3/20/2016,28.16406226,,,,
3/21/2016,28.16223931,,,,
3/22/2016,28.16315095,,,,
3/23/2016,28.15859358,,,,
3/24/2016,28.15950505,,,,
3/25/2016,28.15585915,,,,
3/26/2016,28.15677063,,,,
3/27/2016,28.16223939,,,,
3/28/2016,28.16041636,,,,
3/29/2016,28.1576821,,,,
3/30/2016,28.16306808,,,,
3/31/2016,28.15768226,,,,
4/1/2016,28.15585931,,,,
4/2/2016,28.16132776,,,,
4/3/2016,28.16132784,,,,
4/4/2016,28.15494776,,,,
4/5/2016,28.15585923,,,,
4/6/2016,28.15585923,,,,
4/7/2016,28.16223947,,,,
4/8/2016,28.16168453,,,,
4/9/2016,,,,,
4/10/2016,,,,,
4/11/2016,,,,,
4/12/2016,,,,,
4/13/2016,28.15996087,,,,
4/14/2016,27.41848946,,,,
4/15/2016,28.15585923,,,,
4/16/2016,28.16041652,,,,
4/17/2016,28.15859365,,,,
4/18/2016,28.15403628,,,,
4/19/2016,28.15950497,,,,
4/20/2016,28.15494784,,,,
4/21/2016,28.16315087,,,,
4/22/2016,28.16861939,,,,
4/23/2016,28.15950505,,,,
4/24/2016,28.15950505,,,,
4/25/2016,28.15585931,,,,
4/26/2016,28.15768218,,,,
4/27/2016,28.16223947,,,,
4/28/2016,28.15768226,,,,
4/29/2016,28.15677071,,,,
4/30/2016,28.16041652,,,,
5/1/2016,28.16223939,,,,
5/2/2016,28.16132792,,,,
5/3/2016,28.16132792,,,,
5/4/2016,28.16223939,,,,
5/5/2016,28.16041644,,,,
5/6/2016,28.16588529,,,,
5/7/2016,28.17226545,,,,
5/8/2016,28.16223947,,,,
5/9/2016,28.16588529,,,,
5/10/2016,28.16505658,,,,
5/11/2016,28.1576821,,,,
5/12/2016,28.16223931,,,,
5/13/2016,28.15677079,,,,
5/14/2016,28.15585939,,,,
5/15/2016,28.15494784,,,,
5/16/2016,28.16132808,,,,
5/17/2016,28.15312481,,,,
5/18/2016,28.15950497,,,,
5/19/2016,28.16041652,,,,
5/20/2016,26.99830691,,,,
5/21/2016,28.15585923,,,,
5/22/2016,28.16041652,,,,
5/23/2016,28.16315095,,,,
5/24/2016,28.16132808,,,,
5/25/2016,28.1576821,,,,
5/26/2016,28.15768218,,,,
5/27/2016,28.15768218,,,,
5/28/2016,28.15677079,,,,
5/29/2016,28.16406242,,,,
5/30/2016,28.15585923,,,,
5/31/2016,28.15585923,,,,
6/1/2016,28.15950505,,,,
6/2/2016,28.16132792,,,,
6/3/2016,28.15403636,,,,
6/4/2016,28.15950513,,,,
6/5/2016,28.1585935,,,,
6/6/2016,28.15859365,,,,
6/7/2016,28.16223947,,,,
6/8/2016,28.16588529,,,,
6/9/2016,28.15677071,,,,
6/10/2016,28.15494792,,,,
6/11/2016,28.15585923,,,,
6/12/2016,28.16406226,,,,
6/13/2016,28.15950505,,,,
6/14/2016,28.1604166,,,,
6/15/2016,28.16953095,,,,
6/16/2016,28.1667966,,,,
6/17/2016,28.16497382,,,,
6/18/2016,28.15585931,,,,
6/19/2016,28.15768218,,,,
6/20/2016,28.15221341,,,,
6/21/2016,28.15494776,,,,
6/22/2016,28.15585923,,,,
6/23/2016,28.15677071,,,,
6/24/2016,28.15585923,,,,
6/25/2016,28.15585923,,,,
6/26/2016,28.15494776,,,,
6/27/2016,28.15221349,,,,
6/28/2016,28.15859358,,,,
6/29/2016,28.15585923,,,,
6/30/2016,28.15677071,,,,
7/1/2016,28.15950505,,,,
7/2/2016,28.15859358,,,,
7/3/2016,28.16041652,,,,
7/4/2016,28.16497382,,,,
7/5/2016,28.15950505,,,,
7/6/2016,27.41848954,,,,
7/7/2016,28.15950505,,,,
7/8/2016,28.161328,,UP,,
7/9/2016,28.17044234,,,,
7/10/2016,28.16223955,,,,
7/11/2016,28.15677079,,,,
7/12/2016,28.15768218,,,,
7/13/2016,28.15677079,,,,
7/14/2016,28.15768218,,,,
7/15/2016,28.15950505,,,,
7/16/2016,28.16223947,,,,
7/17/2016,28.15859358,,,,
7/18/2016,28.15768218,,,,
7/19/2016,28.15677071,,,,
7/20/2016,28.15768226,,,,
7/21/2016,28.15585923,,,,
7/22/2016,28.15494784,,,,
7/23/2016,28.15859358,,,,
7/24/2016,28.15859358,,,,
7/25/2016,28.15585923,,,,
7/26/2016,28.15585915,,,,
7/27/2016,28.15677063,,,,
7/28/2016,28.1585935,,,,
7/29/2016,28.15677063,,,,
7/30/2016,28.15950497,,,,
7/31/2016,28.16041644,,,,
8/1/2016,28.15677063,,,,
8/2/2016,28.16132784,,,,
8/3/2016,28.16041644,,,,
8/4/2016,28.16406218,,,,
8/5/2016,28.16406226,,,,
8/6/2016,28.16588529,,,,
8/7/2016,28.16223931,,,,
8/8/2016,28.15585915,,,,
8/9/2016,28.15677063,,,,
8/10/2016,28.15859358,,,,
8/11/2016,28.16041644,,,,
8/12/2016,28.15768202,,,,
8/13/2016,28.15950505,,,,
8/14/2016,28.16223939,,,,
8/15/2016,28.16315087,,,,
8/16/2016,28.16588521,,,,
8/17/2016,28.16223931,,,,
8/18/2016,28.16041644,,,,
8/19/2016,28.16132792,,,,
8/20/2016,28.16223923,,,,
8/21/2016,28.16223931,,,,
8/22/2016,28.16223931,,,,
8/23/2016,28.16861939,,,,
8/24/2016,28.16041636,,,,
8/25/2016,28.16315079,,,,
8/26/2016,28.16223931,,,,
8/27/2016,28.16770808,,,,
8/28/2016,28.16132784,,,,
8/29/2016,28.1585935,,,,
8/30/2016,28.15677063,,,,
8/31/2016,28.15494776,,,,
9/1/2016,28.16315087,,,,
9/2/2016,28.15677063,,,,
9/3/2016,28.15768202,,,,
9/4/2016,28.15585923,,,,
9/5/2016,28.15859358,,,,
9/6/2016,28.15859365,,,,
9/7/2016,28.1576821,,,,
9/8/2016,28.16315087,,,,
9/9/2016,28.16588513,,,,
9/10/2016,28.15950489,,,,
9/11/2016,28.16588513,,,,
9/12/2016,28.16497374,,,,
9/13/2016,28.1585935,,,,
9/14/2016,28.16041644,,,,
9/15/2016,28.16223939,,,,
9/16/2016,28.16041636,,,,
9/17/2016,28.16132784,,,,
9/18/2016,28.1540362,,,,
9/19/2016,28.15677055,,,,
9/20/2016,28.15950505,,,,
9/21/2016,28.15950489,,,,
9/22/2016,28.15677063,,,,
9/23/2016,28.1576821,,,,
9/24/2016,28.16497382,,,,
9/25/2016,28.15768194,,,,
9/26/2016,28.15585907,,,,
9/27/2016,28.16132792,,,,
9/28/2016,28.15859342,,,,
9/29/2016,28.16406218,,,,
9/30/2016,28.16041644,,,,
10/1/2016,28.16132784,,,,
10/2/2016,28.16315079,,,,
10/3/2016,28.15039078,,,,
10/4/2016,28.15221357,,,,
10/5/2016,27.42760412,,,,
10/6/2016,28.16132792,,,,
10/7/2016,28.16406226,,,,
10/8/2016,28.16497374,,,,
10/9/2016,28.16315079,,,,
10/10/2016,25.94921859,,,,
10/11/2016,28.16315103,,,,
10/12/2016,28.16953103,,,,
10/13/2016,28.16588513,,,,
10/14/2016,28.17408824,,,,
10/15/2016,28.17408824,,,,
10/16/2016,28.16315079,,,,
10/17/2016,28.17226537,,,,
10/18/2016,28.16679668,,,,
10/19/2016,28.16223939,,,,
10/20/2016,28.16406234,,,,
10/21/2016,28.16315087,,,,
10/22/2016,28.16588521,,,,
10/23/2016,28.16406218,,,,
10/24/2016,28.15494855,,,,
10/25/2016,28.14947947,,,,
10/26/2016,28.15494816,,,,
10/27/2016,28.17773374,,,,
10/28/2016,28.17499932,,,,
10/29/2016,28.16679653,,,,
10/30/2016,28.16861955,,,,
10/31/2016,28.17317661,,,,
11/1/2016,33.8670574,,,,
11/2/2016,39.41510423,,,,
11/3/2016,38.79622412,,,,
11/4/2016,38.42070293,,,,
11/5/2016,38.23385382,,,,
11/6/2016,38.11237518,,,,
11/7/2016,37.97135464,,,,
11/8/2016,37.96588484,,,,
11/9/2016,37.91940101,,,,
11/10/2016,37.88567686,,,,
11/11/2016,37.84101582,,,,
11/12/2016,37.80455701,,,,
11/13/2016,37.791797,,,,
11/14/2016,37.75989469,,,,
11/15/2016,37.73710918,,,,
11/16/2016,37.73255221,,,,
11/17/2016,37.70976671,,,,
11/18/2016,37.69791667,,,,
11/19/2016,37.83645868,,,,
11/20/2016,36.74908845,,,,
11/21/2016,34.30182266,,,UP,
11/22/2016,31.90468772,,,,
11/23/2016,31.51367211,,,,
11/24/2016,31.43528652,,,,
11/25/2016,30.99414055,,,,
11/26/2016,31.15091157,,,,
11/27/2016,32.98658832,,,,
11/28/2016,24.34869798,,,,
11/29/2016,19.27187538,,,,
11/30/2016,25.82799506,,,,
12/1/2016,31.03333338,,,,
12/2/2016,30.67877595,,,,
12/3/2016,30.40078115,,,,
12/4/2016,30.24765627,,,,
12/5/2016,30.1492188,,,,
12/6/2016,30.04440077,,,,
12/7/2016,29.97513032,,,,
12/8/2016,30.25950519,,,,
12/9/2016,30.89661455,,,,
12/10/2016,38.08255212,,,,
12/11/2016,43.05546872,,,,
12/12/2016,37.37252617,,,,
12/13/2016,34.23817858,,,,
12/14/2016,33.25546869,,,,
12/15/2016,40.05585925,,,,
12/16/2016,48.23984369,,,,
12/17/2016,45.30768188,,,,
12/18/2016,41.32825486,,,,
12/19/2016,37.12825489,,,,
12/20/2016,35.16953125,,,,
12/21/2016,,,,,
12/22/2016,33.1078124,,,,
12/23/2016,33.39097214,,,,
12/24/2016,,,,,
12/25/2016,,,,,
12/26/2016,,,,,
12/27/2016,32.70569813,,,,
12/28/2016,32.41601531,,,,
12/29/2016,32.16536442,,,,
12/30/2016,31.93476574,,,,
12/31/2016,31.73333319,,DOWN,,
1/1/2017,31.5638024,,,,
1/2/2017,31.42708333,,,,
1/3/2017,31.97395825,,,,
1/4/2017,42.09388018,,,,
1/5/2017,42.22330729,,,,
1/6/2017,38.56015635,,,,
1/7/2017,38.30130196,,,,
1/8/2017,46.58372418,,,,
1/9/2017,49.47578112,,,,
1/10/2017,52.07161506,,,,
1/11/2017,62.60442734,,,,
1/12/2017,42.68906267,,,,
1/13/2017,19.27187538,,,,
1/14/2017,19.27187538,,,,
1/15/2017,19.27187538,,,,
1/16/2017,19.27187538,,,,
1/17/2017,19.27187538,,,,
1/18/2017,33.59453146,,,,
1/19/2017,48.10859394,,,,
1/20/2017,48.2954429,,,,
1/21/2017,48.78945303,,,,
1/22/2017,50.11562475,,,,
1/23/2017,50.88489596,,,,
1/24/2017,50.28242143,,,,
1/25/2017,49.33268213,,,,
1/26/2017,47.53710969,,,,
1/27/2017,46.53906277,,,,
1/28/2017,,,,,
1/29/2017,,,,,
1/30/2017,,,,,
1/31/2017,42.49826347,,,,
2/1/2017,,,,,
2/2/2017,,,,,
2/3/2017,44.43104172,,,,
2/4/2017,45.13359372,,,,
2/5/2017,44.72343731,,,,
2/6/2017,45.62213564,,,,
2/7/2017,48.63723962,,,,
2/8/2017,50.16028659,,,,
2/9/2017,51.0717446,,,,
2/10/2017,60.18632825,,,,
2/11/2017,56.20234394,,,,
2/12/2017,51.13007768,,,,
2/13/2017,48.75026051,,,,
2/14/2017,47.06223933,,,,
2/15/2017,45.72695303,,,,
2/16/2017,44.88385407,,,,
2/17/2017,44.89023399,,,,
2/18/2017,46.72044277,,,,
2/19/2017,46.24466213,,,,
2/20/2017,46.28294253,,,,
2/21/2017,49.01093769,,,,
2/22/2017,48.62630192,,,,
2/23/2017,47.87526051,,,,
2/24/2017,46.56276019,,,,
2/25/2017,45.14361954,,,,
2/26/2017,44.06627607,,,,
2/27/2017,42.72005224,,,,
2/28/2017,41.38932276,,,,
3/1/2017,40.38124959,,,,
3/2/2017,39.85989587,,,,
3/3/2017,39.60104179,,,,
3/4/2017,,,,,
3/5/2017,,,,,
3/6/2017,38.87050772,,,,
3/7/2017,38.82336973,,,,
3/8/2017,38.66770856,,,,
3/9/2017,38.10533857,,,,
3/10/2017,37.21848949,,,,
3/11/2017,36.42369811,,,,
3/12/2017,36.02051627,,,,
3/13/2017,35.70182308,,,,
3/14/2017,35.40651035,,,,
3/15/2017,35.03098981,,,,
3/16/2017,34.28997389,,,,
3/17/2017,33.83789047,,,,
3/18/2017,33.40130202,,,,
3/19/2017,33.13059918,,,,
3/20/2017,32.96927087,,,,
3/21/2017,33.88255167,,,,
3/22/2017,35.15768258,,,,
3/23/2017,34.59804694,,,,
3/24/2017,36.58593766,,,,
3/25/2017,41.29635382,,,,
3/26/2017,38.00052071,,,,
3/27/2017,36.98697917,,,,
3/28/2017,35.97526042,,,,
3/29/2017,34.72929692,,,,
3/30/2017,34.85507838,,,,
3/31/2017,34.40026045,,,,
4/1/2017,34.00013034,,,,
4/2/2017,33.68658845,,,,
4/3/2017,33.42682298,,,,
4/4/2017,33.20898438,,,,
4/5/2017,33.0121096,,,,
4/6/2017,33.06588523,,,,
4/7/2017,39.26106739,,,,
4/8/2017,39.51171843,,,,
4/9/2017,38.15455739,,,,
4/10/2017,36.27057266,,,,
4/11/2017,35.01458327,,,,
4/12/2017,35.08841149,,,,
4/13/2017,38.76979192,,,,
4/14/2017,37.8720053,,,,
4/15/2017,36.20403655,,,,
4/16/2017,35.36640644,,,,
4/17/2017,35.15039047,,,,
4/18/2017,35.12578106,,,,
4/19/2017,34.72929716,,,,
4/20/2017,34.6436197,,,,
4/21/2017,34.09947952,,,,
4/22/2017,33.54257822,,,,
4/23/2017,33.13242165,,,,
4/24/2017,32.7614584,,,,
4/25/2017,32.55091127,,,,
4/26/2017,32.3403643,,,,
4/27/2017,32.19270833,,,,
4/28/2017,32.03320424,,,,
4/29/2017,32.02500153,,,,
4/30/2017,32.02500153,,,,
5/1/2017,32.02500153,,,,
5/2/2017,32.02500153,,,,
5/3/2017,32.02500153,,,,
5/4/2017,32.02500153,,,,
5/5/2017,32.02500153,,,,
5/6/2017,32.02500153,,,,
5/7/2017,32.02500153,,,,
5/8/2017,32.02500153,,,,
5/9/2017,32.02500153,,,,
5/10/2017,31.59415859,,,,
5/11/2017,30.76956567,,,,
5/12/2017,30.73710942,,,,
5/13/2017,30.69244766,,,,
5/14/2017,30.63411474,,,,
5/15/2017,30.58945258,,,,
5/16/2017,30.57942684,,,,
5/17/2017,30.52382819,,,,
5/18/2017,30.40989566,,,,
5/19/2017,30.27773412,,,,
5/20/2017,30.21028654,,,,
5/21/2017,30.14375011,,,,
5/22/2017,30.05351535,,,,
5/23/2017,29.98606777,,,,
5/24/2017,29.92226569,,,,
5/25/2017,29.86793493,,,,
5/26/2017,29.8347652,,,,
5/27/2017,,,,,
5/28/2017,,,,,
5/29/2017,,,,,
5/30/2017,,,,,
5/31/2017,,,,,
6/1/2017,,,,,
6/2/2017,,,,,
6/3/2017,,,,,
6/4/2017,,,,,
6/5/2017,,,,,
6/6/2017,,,,,
6/7/2017,,,,,
6/8/2017,,,,,
6/9/2017,,,,,
6/10/2017,,,,,
6/11/2017,,,,,
6/12/2017,,,UP,,
6/13/2017,17.09895833,,,,
6/14/2017,29.23046875,,,,
6/15/2017,29.203125,,,,
6/16/2017,29.28697952,,,,
6/17/2017,29.47018305,,,,
6/18/2017,29.57500076,,,,
6/19/2017,29.45195389,,,,
6/20/2017,34.49869823,,,,
6/21/2017,38.17643134,,,,
6/22/2017,38.22291597,,,,
6/23/2017,38.23749924,,,,
6/24/2017,38.23749924,,,,
6/25/2017,38.23749924,,,,
6/26/2017,38.12717454,,,,
6/27/2017,38.0761714,,,,
6/28/2017,38.07799403,,,,
6/29/2017,38.01874924,,,,
6/30/2017,38.0962232,,,,
7/1/2017,38.12812424,,,,
7/2/2017,38.12812424,,,,
7/3/2017,38.12812424,,,,
7/4/2017,,,,,
7/5/2017,,,,,
7/6/2017,38.0625,,,,
7/7/2017,38.04427052,,,,
7/8/2017,38.00052134,,,,
7/9/2017,37.99687576,,,,
7/10/2017,37.99687576,,,,
7/11/2017,37.99687576,,,,
7/12/2017,31.76341152,,,,
7/13/2017,38.01874924,,,,
7/14/2017,38.01874924,,,,
7/15/2017,38.01874924,,,,
7/16/2017,38.01874924,,,,
7/17/2017,37.99166543,,,,
7/18/2017,37.97499847,,,,
7/19/2017,37.97499847,,,,
7/20/2017,37.99049489,,,,
7/21/2017,37.99687576,,,,
7/22/2017,37.99687576,,,,
7/23/2017,37.99687576,,,,
7/24/2017,38.00052166,,,,
7/25/2017,37.99322987,,,,
7/26/2017,37.93763097,,,,
7/27/2017,37.88750076,,,,
7/28/2017,37.88750076,,,,
7/29/2017,37.88750076,,,,
7/30/2017,37.88750076,,,,
7/31/2017,37.88750076,,,,
8/1/2017,37.90842504,,,,
8/2/2017,37.93125153,,,,
8/3/2017,37.93125153,,,,
8/4/2017,37.93125153,,,,
8/5/2017,37.93125153,,,,
8/6/2017,37.93125153,,,,
8/7/2017,37.93125153,,,,
8/8/2017,37.93125153,,,,
8/9/2017,37.93125153,,,,
8/10/2017,37.93125153,,,,
8/11/2017,,,,,
8/12/2017,,,,,
8/13/2017,,,,,
8/14/2017,37.93125153,,,,
8/15/2017,37.93125153,,,,
8/16/2017,37.93125153,,,,
8/17/2017,37.93125153,,,,
8/18/2017,37.93125153,,,,
8/19/2017,,,,,
8/20/2017,,,,,
8/21/2017,33.2828126,,,,
8/22/2017,36.4391923,,,,
8/23/2017,37.96770859,,,,
8/24/2017,36.3963542,,,,
8/25/2017,37.91666667,,,,
8/26/2017,37.84375,,,,
8/27/2017,37.84375,,,,
8/28/2017,37.84375,,,,
8/29/2017,37.84375,,,,
8/30/2017,37.84375,,,,
8/31/2017,37.84375,,,,
9/1/2017,37.87418531,,,,
9/2/2017,37.88750076,,,,
9/3/2017,37.88750076,,,,
9/4/2017,37.88750076,,,,
9/5/2017,38.05156326,,,,
9/6/2017,38.06887992,,,,
9/7/2017,37.97499847,,,,
9/8/2017,37.97499847,,,,
9/9/2017,37.97499847,,,,
9/10/2017,37.97499847,,,,
9/11/2017,37.953125,,,,
9/12/2017,37.953125,,,,
9/13/2017,37.953125,,,,
9/14/2017,37.96770732,,,,
9/15/2017,34.86692603,,,,
9/16/2017,37.96861903,,,,
9/17/2017,37.90937424,,,,
9/18/2017,37.90937424,,,,
9/19/2017,37.90937424,,,,
9/20/2017,37.90937424,,,,
9/21/2017,37.90937424,,,,
9/22/2017,37.90937424,,,,
9/23/2017,37.90937424,,,,
9/24/2017,37.90937424,,,,
9/25/2017,37.8765626,,,,
9/26/2017,37.82187653,,,,
9/27/2017,37.82187653,,,,
9/28/2017,37.82187653,,,,
9/29/2017,37.82187653,,,,
9/30/2017,37.82187653,,,,
10/1/2017,37.82187653,,,,
10/2/2017,37.86562347,,,,
10/3/2017,37.86562347,,,,
10/4/2017,37.86562347,,,,
10/5/2017,37.86562347,,,,
10/6/2017,37.86562347,,,,
10/7/2017,37.86562347,,,,
10/8/2017,37.86562347,,,,
10/9/2017,37.87291559,,,,
10/10/2017,37.86562347,,,,
10/11/2017,37.86562347,,,,
10/12/2017,37.88203144,,,,
10/13/2017,37.88750076,,,,
10/14/2017,37.88750076,,,,
10/15/2017,37.89934889,,,,
10/16/2017,37.96952979,,,,
10/17/2017,37.95950476,,,,
10/18/2017,37.953125,,,,
10/19/2017,37.953125,,,,
10/20/2017,37.953125,,,,
10/21/2017,37.953125,,,,
10/22/2017,37.953125,,,,
10/23/2017,37.98451117,,,,
10/24/2017,37.99687576,,,,
10/25/2017,38.04700486,,,,
10/26/2017,38.01966015,,,,
10/27/2017,37.97499847,,,,
10/28/2017,37.98831508,,,,
10/29/2017,37.99687576,,,,
10/30/2017,37.99687576,,,,
10/31/2017,37.26770854,,,,
11/1/2017,38.0625,,,,
11/2/2017,38.0625,,,,
11/3/2017,38.0625,,,,
11/4/2017,38.0625,,,,
11/5/2017,38.0625,,,,
11/6/2017,38.07525953,,,,
11/7/2017,38.08437347,,,,
11/8/2017,38.11171722,,,,
11/9/2017,38.23020681,,,,
11/10/2017,38.28489431,,,,
11/11/2017,38.30312347,,,,
11/12/2017,38.22109222,,,,
11/13/2017,38.20377556,,,,
11/14/2017,38.24296951,,,,
11/15/2017,38.35234451,,,,
11/16/2017,38.69596465,,,,
11/17/2017,38.67864736,,,,
11/18/2017,38.45078278,,,,
11/19/2017,38.36875153,,,,
11/20/2017,38.2730484,,,,
11/21/2017,38.24510889,,,,
11/22/2017,38.32864507,,,,
11/23/2017,38.34687424,,,,
11/24/2017,38.34687424,,,,
11/25/2017,38.34687424,,,,
11/26/2017,38.34687424,,,,
11/27/2017,38.59035193,,,,
11/28/2017,38.68593597,,,,
11/29/2017,38.02512868,,,,
11/30/2017,37.37252522,,,,
12/1/2017,36.89856752,,,,
12/2/2017,36.52851486,,,,
12/3/2017,36.20038986,,,,
12/4/2017,35.92239507,,,,
12/5/2017,35.66262945,,,,
12/6/2017,35.30533854,,,,
12/7/2017,34.92799632,,,,
12/8/2017,34.59075673,,,,
12/9/2017,34.24440257,,,,
12/10/2017,33.99375153,,,,
12/11/2017,33.8087244,,,,
12/12/2017,33.61914063,,,,
12/13/2017,33.42317708,,,,
12/14/2017,33.25455729,,,,
12/15/2017,33.140625,,,,
12/16/2017,33.07864539,,,,
12/17/2017,17.90377522,,DOWN,,
12/18/2017,0,,,,
12/19/2017,0,,,,
12/20/2017,14.92471522,,,,
12/21/2017,32.7735055,,,,
12/22/2017,32.70130285,,,,
12/23/2017,32.63750076,,,,
12/24/2017,32.56914139,,,,
12/25/2017,32.52812576,,,,
12/26/2017,32.45976639,,,,
12/27/2017,32.41875076,,,,
12/28/2017,32.36770821,,,,
12/29/2017,32.29986373,,,,
12/30/2017,32.23281193,,,,
12/31/2017,32.22187424,,,,
1/1/2018,32.22187424,,,,
1/2/2018,32.22187424,,,,
1/3/2018,32.22187424,,,,
1/4/2018,32.21731695,,,,
1/5/2018,32.11249924,,,,
1/6/2018,32.03046799,,,,
1/7/2018,32.00312424,,,,
1/8/2018,32.07132429,,,,
1/9/2018,36.74361976,,,,
1/10/2018,37.06992229,,,,
1/11/2018,33.89257813,,,,
1/12/2018,32.34492222,,,,
1/13/2018,31.38880285,,,,
1/14/2018,30.70976639,,,,
1/15/2018,30.41875076,,,,
1/16/2018,30.06525735,,,,
1/17/2018,29.93593693,,,,
1/18/2018,29.82473882,,,,
1/19/2018,29.76184893,,,,
1/20/2018,29.94596354,,,,
1/21/2018,30.06171846,,,,
1/22/2018,31.1308589,,,,
1/23/2018,34.19700527,,,,
1/24/2018,32.85807292,,,,
1/25/2018,33.31835938,,,,
1/26/2018,34.34375,,,,
1/27/2018,33.80598958,,,,
1/28/2018,32.58919271,,,,
1/29/2018,31.81445281,,,,
1/30/2018,31.24035288,,,,
1/31/2018,30.85377566,,,,
2/1/2018,30.55664078,,,,
2/2/2018,30.32786496,,,,
2/3/2018,30.13190142,,,,
2/4/2018,30.10000038,,,,
2/5/2018,29.894565,,,,
2/6/2018,29.72812462,,,,
2/7/2018,29.6278642,,,,
2/8/2018,29.54127566,,,,
2/9/2018,29.43190066,,,,
2/10/2018,29.32252566,,,,
2/11/2018,29.29062462,,,,
2/12/2018,,,,,
2/13/2018,29.07187462,,,,
2/14/2018,0,,,,
2/15/2018,0,,,,
2/16/2018,0,,,,
2/17/2018,,,,,
2/18/2018,,,,,
2/19/2018,,,,,
2/20/2018,28.765625,,,,
2/21/2018,28.70638053,,,,
2/22/2018,28.70000076,,,,
2/23/2018,28.6225268,,,,
2/24/2018,28.59062576,,,,
2/25/2018,28.59062576,,,,
2/26/2018,28.50859427,,,,
2/27/2018,28.45937538,,,,
2/28/2018,28.43551133,,,,
3/1/2018,28.51953125,,,,
3/2/2018,29.07096354,,,,
3/3/2018,29.89583333,,,,
3/4/2018,30.54752604,,,,
3/5/2018,30.625,,,,
3/6/2018,30.50195313,,,,
3/7/2018,29.30247378,,,,
3/8/2018,29.97571026,,,,
3/9/2018,29.8256518,,,,
3/10/2018,29.63880285,,,,
3/11/2018,29.50842468,,,,
3/12/2018,29.3927091,,,,
3/13/2018,29.40182368,,,,
3/14/2018,30.43632889,,,,
3/15/2018,31.21106847,,,,
3/16/2018,32.13164139,,,,
3/17/2018,34.0365893,,,,
3/18/2018,34.11406326,,,,
3/19/2018,33.09778722,,,,
3/20/2018,32.24557368,,,,
3/21/2018,32.3458341,,,,
3/22/2018,38.96983752,,,,
3/23/2018,43.19948069,,,,
3/24/2018,39.39414215,,,,
3/25/2018,36.70351696,,,,
3/26/2018,35.05195236,,,,
3/27/2018,33.92174403,,,,
3/28/2018,33.03762945,,,,
3/29/2018,32.43606695,,,,
3/30/2018,31.93020757,,,,
3/31/2018,31.49270757,,,,
4/1/2018,31.1509107,,,,
4/2/2018,30.8638018,,,,
4/3/2018,30.64049451,,,,
4/4/2018,30.44908778,,,,
4/5/2018,30.2759107,,,,
4/6/2018,31.13723922,,,,
4/7/2018,40.39674473,,,,
4/8/2018,43.57226563,,,,
4/9/2018,39.87630208,,,,
4/10/2018,36.3352855,,,,
4/11/2018,34.35650889,,,,
4/12/2018,33.35117054,,,,
4/13/2018,32.91184743,,,,
4/14/2018,32.41965993,,,,
4/15/2018,31.93658837,,,,
4/16/2018,31.64947955,,,,
4/17/2018,31.63125038,,,,
4/18/2018,31.59023476,,,,
4/19/2018,31.3486983,,,,
4/20/2018,31.0752608,,,,
4/21/2018,30.82005246,,,,
4/22/2018,30.62864621,,,,
4/23/2018,30.39531252,,,,
4/24/2018,30.23307292,,,,
4/25/2018,30.04166667,,,,
4/26/2018,29.90494792,,,,
4/27/2018,29.77734375,,,,
4/28/2018,29.64973958,,,,
4/29/2018,29.54947917,,,,
4/30/2018,29.44921875,,,,
5/1/2018,29.32708311,,,,
5/2/2018,27.97432078,,,,
5/3/2018,29.16575559,,,,
5/4/2018,29.11562538,,,,
5/5/2018,29.06093788,,,,
5/6/2018,29.00625038,,,,
5/7/2018,29.00625038,,,,
5/8/2018,28.92421913,,,,
5/9/2018,28.89687538,,,,
5/10/2018,28.7998644,,,,
5/11/2018,28.74660293,,,,
5/12/2018,28.72187424,,,,
5/13/2018,28.67174403,,,,
5/14/2018,28.61249924,,,,
5/15/2018,27.80859375,,,,
5/16/2018,28.56875038,,,,
5/17/2018,28.56875038,,,,
5/18/2018,28.56875038,,,,
5/19/2018,28.56875038,,,,
5/20/2018,28.56875038,,UP,,
5/21/2018,28.33906221,,,,
5/22/2018,28.49400965,,,,
5/23/2018,34.24348831,,,,
5/24/2018,37.38984362,,,,
5/25/2018,37.71250153,,,,
5/26/2018,37.71250153,,,,
5/27/2018,37.71250153,,,,
5/28/2018,37.71250153,,,,
5/29/2018,37.71250153,,,,
5/30/2018,37.71250153,,,,
5/31/2018,37.71250153,,,,
6/1/2018,36.37174575,,,,
6/2/2018,38.21562576,,,,
6/3/2018,38.21562576,,,,
6/4/2018,38.20651023,,,,
6/5/2018,38.19374847,,,,
6/6/2018,38.15546767,,,,
6/7/2018,38.12812424,,,,
6/8/2018,38.08255132,,,,
6/9/2018,38.01874924,,,,
6/10/2018,38.01874924,,,,
6/11/2018,38.01874924,,,,
6/12/2018,37.95494715,,,,
6/13/2018,37.90937424,,,,
6/14/2018,37.90937424,,,,
6/15/2018,37.90937424,,,,
6/16/2018,37.86835861,,,,
6/17/2018,37.79999924,,,,
6/18/2018,37.79999924,,,,
6/19/2018,37.79999924,,,,
6/20/2018,37.75624847,,,,
6/21/2018,37.75624847,,,,
6/22/2018,37.67968798,,,,
6/23/2018,37.53203201,,,,
6/24/2018,37.38164139,,,,
6/25/2018,37.34062576,,,,
6/26/2018,37.18112008,,,,
6/27/2018,36.75,,,,
6/28/2018,36.82747396,,,,
6/29/2018,37.26497396,,,,
6/30/2018,37.72070313,,,,
7/1/2018,37.84375,,,,
7/2/2018,37.79726617,,,,
7/3/2018,37.81914139,,,,
7/4/2018,37.88750076,,,,
7/5/2018,37.88750076,,,,
7/6/2018,37.88750076,,,,
7/7/2018,37.84192785,,,,
7/8/2018,37.77812576,,,,
7/9/2018,37.77812576,,,,
7/10/2018,37.76290678,,,,
7/11/2018,37.75624847,,,,
7/12/2018,37.79062507,,,,
7/13/2018,37.82187653,,,,
7/14/2018,37.82187653,,,,
7/15/2018,37.82187653,,,,
7/16/2018,37.82187653,,,,
7/17/2018,37.82187653,,,,
7/18/2018,37.82187653,,,,
7/19/2018,37.82187653,,,,
7/20/2018,37.80364736,,,,
7/21/2018,37.72799555,,,,
7/22/2018,37.81367111,,,,
7/23/2018,37.85924403,,,,
7/24/2018,37.88932292,,,,
7/25/2018,37.80364656,,,,
7/26/2018,37.85104068,,,,
7/27/2018,37.79999924,,,,
7/28/2018,37.79999924,,,,
7/29/2018,37.79999924,,,,
7/30/2018,37.79999924,,,,
7/31/2018,37.79999924,,,,
8/1/2018,37.79999924,,,,
8/2/2018,37.79999924,,,,
8/3/2018,37.78541629,,,,
8/4/2018,37.71250153,,,,
8/5/2018,37.81184832,,,,
8/6/2018,37.81549327,,,,
8/7/2018,37.75624847,,,,
8/8/2018,37.75624847,,,,
8/9/2018,37.75624847,,,,
8/10/2018,37.75624847,,,,
8/11/2018,37.75624847,,,,
8/12/2018,37.75624847,,,,
8/13/2018,37.8519516,,,,
8/14/2018,37.86562347,,,,
8/15/2018,37.86562347,,,,
8/16/2018,37.86562347,,,,
8/17/2018,37.86562347,,,,
8/18/2018,37.86562347,,,,
8/19/2018,37.86562347,,,,
8/20/2018,37.86562347,,,,
8/21/2018,37.85468674,,,,
8/22/2018,37.38984338,,,,
8/23/2018,37.81002633,,,,
8/24/2018,37.82187653,,,,
8/25/2018,37.82187653,,,,
8/26/2018,37.76263173,,,,
8/27/2018,37.72161611,,,,
8/28/2018,37.71250153,,,,
8/29/2018,37.71250153,,,,
8/30/2018,37.71250153,,,,
8/31/2018,37.69882822,,,,
9/1/2018,37.69062424,,,,
9/2/2018,37.69062424,,,,
9/3/2018,37.69062424,,,,
9/4/2018,36.91704525,,,,
9/5/2018,37.83281326,,,,
9/6/2018,37.7052091,,,,
9/7/2018,37.61862055,,,,
9/8/2018,37.55937576,,,,
9/9/2018,37.49101639,,,,
9/10/2018,37.46184889,,,,
9/11/2018,37.47187424,,,,
9/12/2018,37.47187424,,,,
9/13/2018,37.47187424,,,,
9/14/2018,37.54843807,,,,
9/15/2018,37.60312653,,,,
9/16/2018,37.60312653,,,,
9/17/2018,37.60312653,,,,
9/18/2018,37.71250153,,,,
9/19/2018,37.72586865,,,,
9/20/2018,37.734375,,,,
9/21/2018,37.69062424,,,,
9/22/2018,37.69062424,,,,
9/23/2018,,,,,
9/24/2018,37.69062424,,,,
9/25/2018,37.69062424,,,,
9/26/2018,37.69062424,,,,
9/27/2018,37.74895859,,,,
9/28/2018,37.77812576,,,,
9/29/2018,37.77812576,,,,
9/30/2018,37.77812576,,,,
10/1/2018,37.77812576,,,,
10/2/2018,37.85104052,,,,
10/3/2018,37.86562347,,,,
10/4/2018,37.86562347,,,,
10/5/2018,37.86562347,,,,
10/6/2018,37.86562347,,,,
10/7/2018,37.86562347,,,,
10/8/2018,37.81093597,,,,
10/9/2018,37.75624847,,,,
10/10/2018,37.75624847,,,,
10/11/2018,37.75624847,,,,
10/12/2018,37.75624847,,,,
10/13/2018,37.75624847,,,,
10/14/2018,37.75624847,,,,
10/15/2018,37.75624847,,,,
10/16/2018,37.75624847,,,,
10/17/2018,37.75624847,,,,
10/18/2018,37.75624847,,,,
10/19/2018,37.75624847,,,,
10/20/2018,37.75624847,,,,
10/21/2018,37.75624847,,,,
10/22/2018,37.75624847,,,,
10/23/2018,37.75624847,,,,
10/24/2018,37.75624847,,,,
10/25/2018,37.72434743,,,,
10/26/2018,37.64687347,,,,
10/27/2018,37.64687347,,,,
10/28/2018,37.64687347,,,,
10/29/2018,37.56028493,,,,
10/30/2018,37.53749847,,,,
10/31/2018,37.52777651,,,,
11/1/2018,37.66746207,,,,
11/2/2018,37.64687347,,,,
11/3/2018,37.64687347,,,,
11/4/2018,37.64687347,,,,
11/5/2018,37.64687347,,,,
11/6/2018,37.64687347,,,,
11/7/2018,37.64687347,,,,
11/8/2018,37.64687347,,,,
11/9/2018,37.64687347,,,,
11/10/2018,37.64687347,,,,
11/11/2018,37.64687347,,,,
11/12/2018,37.64687347,,,,
11/13/2018,37.64687347,,,,
11/14/2018,37.64687347,,,,
11/15/2018,37.64687347,,,,
11/16/2018,37.64687347,,,,
11/17/2018,37.64687347,,,,
11/18/2018,37.64687347,,,,
11/19/2018,37.66874886,,,,
11/20/2018,37.79179764,,,,
11/21/2018,37.92851639,,,,
11/22/2018,38.01510493,,,,
11/23/2018,38.10625076,,,,
11/24/2018,38.10625076,,,,
11/25/2018,38.10625076,,,,
11/26/2018,38.10625076,,,,
11/27/2018,38.09198297,,,,
11/28/2018,38.08437347,,,,
11/29/2018,38.74399038,,,,
11/30/2018,39.04687484,,,,
12/1/2018,38.62031174,,,,
12/2/2018,38.49270757,,,,
12/3/2018,38.39244715,,,,
12/4/2018,38.19192632,,,,
12/5/2018,38.10533778,,,,
12/6/2018,38.01874924,,,,
12/7/2018,38.01874924,,,,
12/8/2018,37.9276034,,,,
12/9/2018,37.90937424,,,,
12/10/2018,37.8729159,,,,
12/11/2018,37.79999924,,,,
12/12/2018,37.79999924,,,,
12/13/2018,37.17018143,,DOWN,,
12/14/2018,35.29804627,,,,
12/15/2018,32.96471278,,,,
12/16/2018,32.49531174,,,,
12/17/2018,33.18984413,,,,
12/18/2018,33.31927236,,,,
12/19/2018,32.51263173,,,,
12/20/2018,31.9976569,,,,
12/21/2018,31.53281212,,,,
12/22/2018,31.13177045,,,,
12/23/2018,30.78541629,,,,
12/24/2018,30.47096316,,,,
12/25/2018,30.27499962,,,,
12/26/2018,30.77174441,,,,
12/27/2018,30.92213504,,,,
12/28/2018,30.71249962,,,,
12/29/2018,30.42539024,,,,
12/30/2018,30.17929649,,,,
12/31/2018,29.96510379,,,,
1/1/2019,29.76002566,29.76002566,,,
1/2/2019,29.61874962,29.76002566,,,
1/3/2019,29.45924441,29.76002566,,,
1/4/2019,29.32708295,29.76002566,,,
1/5/2019,29.29062462,29.76002566,,,
1/6/2019,30.59492175,29.76002566,,,
1/7/2019,42.35273377,29.76002566,,,
1/8/2019,39.9382817,29.76002566,,,
1/9/2019,39.93099006,29.76002566,,,
1/10/2019,43.27421951,29.76002566,,,
1/11/2019,39.47343826,29.76002566,,,
1/12/2019,36.77734375,29.76002566,,,
1/13/2019,35.11301931,29.76002566,,,
1/14/2019,33.80963389,29.76002566,,,
1/15/2019,31.88190158,29.76002566,,,
1/16/2019,35.55052185,29.76002566,,,
1/17/2019,45.25846418,29.76002566,,,
1/18/2019,44.84192785,29.76002566,,,
1/19/2019,43.24687576,29.76002566,,,
1/20/2019,41.9161466,29.76002566,,,
1/21/2019,42.03919347,29.76002566,,,
1/22/2019,41.76575597,29.76002566,,,
1/23/2019,38.94023514,29.76002566,,,
1/24/2019,37.03072993,29.76002566,,,
1/25/2019,35.80026118,29.76002566,,,
1/26/2019,34.92981847,29.76002566,,,
1/27/2019,34.24166743,29.76002566,,,
1/28/2019,33.64921951,29.76002566,,,
1/29/2019,33.1615893,29.76002566,,,
1/30/2019,32.79244868,29.76002566,,,
1/31/2019,32.45976639,29.76002566,,,
2/1/2019,32.16354243,29.76002566,,,
2/2/2019,33.72122415,29.76002566,,,
2/3/2019,36.83294423,29.76002566,,,
2/4/2019,40.2919275,29.76002566,,,
2/5/2019,42.70820236,29.76002566,,,
2/6/2019,41.04023361,29.76002566,,,
2/7/2019,39.1307284,29.76002566,,,
2/8/2019,37.67239507,29.76002566,,,
2/9/2019,37.09361903,29.76002566,,,
2/10/2019,38.00963465,29.76002566,,,
2/11/2019,39.0259107,29.76002566,,,
2/12/2019,38.39244715,29.76002566,,,
2/13/2019,42.04466105,29.76002566,,,
2/14/2019,47.25364526,29.76002566,,,
2/15/2019,48.57617188,29.76002566,,,
2/16/2019,47.87434896,29.76002566,,,
2/17/2019,47.32747396,29.76002566,,,
2/18/2019,46.69856771,29.76002566,,,
2/19/2019,45.57747396,29.76002566,,,
2/20/2019,45.13997396,29.76002566,,,
2/21/2019,44.17382813,29.76002566,,,
2/22/2019,43.11653646,29.76002566,,,
2/23/2019,42.73828125,29.76002566,,,
2/24/2019,42.02734375,29.76002566,,,
2/25/2019,39.79244804,29.76002566,,,
2/26/2019,48.85052125,29.76002566,,,
2/27/2019,62.82500076,29.76002566,,,
2/28/2019,62.82500076,29.76002566,,,
3/1/2019,58.52656285,29.76002566,,,
3/2/2019,51.67695459,29.76002566,,,
3/3/2019,50.37265778,29.76002566,,,
3/4/2019,48.38567861,29.76002566,,,
3/5/2019,44.95859464,29.76002566,,,
3/6/2019,46.11341174,29.76002566,,,
3/7/2019,46.87903722,29.76002566,,,
3/8/2019,46.21367264,29.76002566,,,
3/9/2019,45.58932368,29.76002566,,,
3/10/2019,46.59470185,29.76002566,,,
3/11/2019,46.10429764,29.76002566,,,
3/12/2019,45.06067785,29.76002566,,,
3/13/2019,43.49296951,29.76002566,,,
3/14/2019,42.79570389,29.76002566,,,
3/15/2019,42.12122472,29.76002566,,,
3/16/2019,39.51901118,29.76002566,,,
3/17/2019,37.88750076,29.76002566,,,
3/18/2019,37.08997472,29.76002566,,,
3/19/2019,36.57044347,29.76002566,,,
3/20/2019,36.12838618,29.76002566,,,
3/21/2019,35.9506518,29.76002566,,,
3/22/2019,35.69088618,29.76002566,,,
3/23/2019,36.35625076,29.76002566,,,
3/24/2019,37.03528722,29.76002566,,,
3/25/2019,36.87122472,29.76002566,,,
3/26/2019,37.52747472,29.76002566,,,
3/27/2019,38.55742264,29.76002566,,,
3/28/2019,43.01718744,29.76002566,,,
3/29/2019,43.23958333,29.76002566,,,
3/30/2019,42.45572917,29.76002566,,,
3/31/2019,40.81054688,29.76002566,,,
4/1/2019,39.16536458,29.76002566,,,
4/2/2019,37.99414063,29.76002566,,,
4/3/2019,37.11458333,29.76002566,,,
4/4/2019,36.26692708,29.76002566,,,
4/5/2019,35.69270833,29.76002566,,,
4/6/2019,35.90690104,29.76002566,,,
4/7/2019,35.96158854,29.76002566,,,
4/8/2019,35.74283854,29.76002566,,,
4/9/2019,35.45117188,29.76002566,,,
4/10/2019,35.30533854,29.76002566,,,
4/11/2019,34.84960938,29.76002566,,,
4/12/2019,34.36197917,29.76002566,,,
4/13/2019,33.94726563,29.76002566,,,
4/14/2019,33.55989583,29.76002566,,,
4/15/2019,33.23177083,29.76002566,,,
4/16/2019,33.02213542,29.76002566,,,
4/17/2019,32.88997396,29.76002566,,,
4/18/2019,32.71223958,29.76002566,,,
4/19/2019,32.50716146,29.76002566,,,
4/20/2019,32.3203125,29.76002566,,,
4/21/2019,32.16992188,29.76002566,,,
4/22/2019,31.99674479,29.76002566,,,
4/23/2019,31.86458333,29.76002566,,,
4/24/2019,31.72786458,29.76002566,,,
4/25/2019,31.53645833,29.76002566,,,
4/26/2019,31.37239583,29.76002566,,,
4/27/2019,31.21289063,29.76002566,,,
4/28/2019,31.10351563,29.76002566,,,
4/29/2019,30.99869792,29.76002566,,,
4/30/2019,30.87109375,29.76002566,,,
5/1/2019,30.76627604,29.76002566,,,
5/2/2019,30.65690104,29.76002566,,,
5/3/2019,30.39987024,29.76002566,,,
5/4/2019,30.3725268,29.76002566,,,
5/5/2019,30.45000076,29.76002566,,,
5/6/2019,30.47734451,29.76002566,,,
5/7/2019,31.70507876,,,,
5/8/2019,33.89075597,,,,
5/9/2019,35.62890593,,,,
5/10/2019,38.04791705,,UP,,
5/11/2019,38.32500076,,,,
5/12/2019,38.32500076,,,,
5/13/2019,38.26575597,,,,
5/14/2019,38.21562576,,,,
5/15/2019,38.34778722,,,,
5/16/2019,38.10533889,,,,
5/17/2019,35.02005259,38.10533889,,,
5/18/2019,34.60442861,38.10533889,,,
5/19/2019,35.86224111,38.10533889,,,
5/20/2019,35.80755361,38.10533889,,,
5/21/2019,34.08216127,38.10533889,,,
5/22/2019,33.74401108,38.10533889,,,
5/23/2019,33.6829435,38.10533889,,,
5/24/2019,32.75143305,38.10533889,,,
5/25/2019,32.2319018,38.10533889,,,
5/26/2019,31.93567785,38.10533889,,,
5/27/2019,31.71692785,38.10533889,,,
5/28/2019,31.53919347,38.10533889,,,
5/29/2019,31.38424555,38.10533889,,,
5/30/2019,32.61653686,38.10533889,,,
5/31/2019,36.31979163,38.10533889,,,
6/1/2019,37.9239591,,,,
6/2/2019,38.21562576,,,,
6/3/2019,38.21562576,,,,
6/4/2019,38.21562576,,,,
6/5/2019,38.17916743,,,,
6/6/2019,38.06979243,,,,
6/7/2019,37.96497472,,,,
6/8/2019,37.88750076,,,,
6/9/2019,37.88750076,,,,
6/10/2019,37.86015701,,,,
6/11/2019,37.77812576,,,,
6/12/2019,37.77812576,,,,
6/13/2019,37.77812576,,,,
6/14/2019,37.77812576,,,,
6/15/2019,37.69305632,,,,
6/16/2019,,,,,
6/17/2019,37.64687347,,,,
6/18/2019,37.64687347,,,,
6/19/2019,37.64687347,,,,
6/20/2019,37.54661306,,,,
6/21/2019,37.53749847,,,,
6/22/2019,37.53749847,,,,
6/23/2019,37.45546722,,,,
6/24/2019,37.33242035,,,,
6/25/2019,37.24583181,,,,
6/26/2019,37.20937347,,,,
6/27/2019,37.20937347,,,,
6/28/2019,37.20937347,,,,
6/29/2019,37.20937347,,,,
6/30/2019,37.20937347,,,,
7/1/2019,37.20937347,,,,
7/2/2019,36.50026075,,,,
7/3/2019,37.27500153,,,,
7/4/2019,37.20664215,,,,
7/5/2019,37.16562653,,,,
7/6/2019,37.16562653,,,,
7/7/2019,37.16562653,,,,
7/8/2019,37.16562653,,,,
7/9/2019,37.16562653,,,,
7/10/2019,37.16562653,,,,
7/11/2019,37.11549632,,,,
7/12/2019,37.05625153,,,,
7/13/2019,37.05625153,,,,
7/14/2019,37.05625153,,,,
7/15/2019,37.05625153,,,,
7/16/2019,37.05625153,,,,
7/17/2019,37.05625153,,,,
7/18/2019,37.05625153,,,,
7/19/2019,37.05625153,,,,
7/20/2019,37.05625153,,,,
7/21/2019,37.05625153,,,,
7/22/2019,37.04257965,,,,
7/23/2019,36.96145884,,,,
7/24/2019,36.96875,,,,
7/25/2019,36.96875,,,,
7/26/2019,36.96875,,,,
7/27/2019,36.96875,,,,
7/28/2019,36.96875,,,,
7/29/2019,36.96875,,,,
7/30/2019,36.96875,,,,
7/31/2019,37.0234375,,,,
8/1/2019,37.078125,,,,
8/2/2019,37.078125,,,,
8/3/2019,37.078125,,,,
8/4/2019,37.078125,,,,
8/5/2019,37.078125,,,,
8/6/2019,37.078125,,,,
8/7/2019,37.1875,,,,
8/8/2019,37.27408854,,,,
8/9/2019,37.296875,,,,
8/10/2019,37.296875,,,,
8/11/2019,37.296875,,,,
8/12/2019,37.296875,,,,
8/13/2019,37.296875,,,,
8/14/2019,37.296875,,,,
8/15/2019,37.296875,,,,
8/16/2019,37.296875,,,,
8/17/2019,37.296875,,,,
8/18/2019,37.296875,,,,
8/19/2019,37.33789063,,,,
8/20/2019,37.44270833,,,,
8/21/2019,37.56575521,,,,
8/22/2019,37.67513021,,,,
8/23/2019,37.76627604,,,,
8/24/2019,37.8984375,,,,
8/25/2019,37.97591146,,,,
8/26/2019,38.0625,,,,
8/27/2019,38.0625,,,,
8/28/2019,38.0625,,,,
8/29/2019,38.0625,,,,
8/30/2019,38.0625,,,,
8/31/2019,37.95768229,,,,
9/1/2019,37.953125,,,,
9/2/2019,37.953125,,,,
9/3/2019,38.0962232,,,,
9/4/2019,38.03880056,,,,
9/5/2019,37.97499847,,,,
9/6/2019,37.97499847,,,,
9/7/2019,37.97499847,,,,
9/8/2019,37.97499847,,,,
9/9/2019,37.93854014,,,,
9/10/2019,37.86562347,,,,
9/11/2019,37.86562347,,,,
9/12/2019,37.86562347,,,,
9/13/2019,37.86562347,,,,
9/14/2019,37.86562347,,,,
9/15/2019,37.86562347,,,,
9/16/2019,37.86562347,,,,
9/17/2019,37.86562347,,,,
9/18/2019,37.86562347,,,,
9/19/2019,37.86562347,,,,
9/20/2019,37.86562347,,,,
9/21/2019,37.86562347,,,,
9/22/2019,37.86562347,,,,
9/23/2019,37.86562347,,,,
9/24/2019,37.86562347,,,,
9/25/2019,37.86562347,,,,
9/26/2019,37.86562347,,,,
9/27/2019,37.86562347,,,,
9/28/2019,37.86562347,,,,
9/29/2019,37.86562347,,,,
9/30/2019,37.86562347,,,,
10/1/2019,37.86562347,,,,
10/2/2019,37.85286395,,,,
10/3/2019,37.84375,,,,
10/4/2019,37.84375,,,,
10/5/2019,37.84375,,,,
10/6/2019,37.84375,,,,
10/7/2019,37.84375,,,,
10/8/2019,37.84375,,,,
10/9/2019,37.84375,,,,
10/10/2019,37.84375,,,,
10/11/2019,37.84375,,,,
10/12/2019,37.84375,,,,
10/13/2019,37.90663989,,,,
10/14/2019,37.90937424,,,,
10/15/2019,37.90937424,,,,
10/16/2019,37.90937424,,,,
10/17/2019,37.90937424,,,,
10/18/2019,37.90937424,,,,
10/19/2019,37.90937424,,,,
10/20/2019,37.90937424,,,,
10/21/2019,37.90937424,,,,
10/22/2019,37.90937424,,,,
10/23/2019,37.90937424,,,,
10/24/2019,37.90937424,,,,
10/25/2019,37.90937424,,,,
10/26/2019,37.92638842,,,,
10/27/2019,,,,,
10/28/2019,,,,,
10/29/2019,,,,,
10/30/2019,,,,,
10/31/2019,,,,,
11/1/2019,37.90937424,,,,
11/2/2019,37.90937424,,,,
11/3/2019,37.90937424,,,,
11/4/2019,37.90937424,,,,
11/5/2019,37.90937424,,,,
11/6/2019,37.90299479,,,,
11/7/2019,37.98320389,,,,
11/8/2019,37.99687576,,,,
11/9/2019,37.99687576,,,,
11/10/2019,37.99687576,,,,
11/11/2019,37.99687576,,,,
11/12/2019,37.99687576,,,,
11/13/2019,37.99687576,,,,
11/14/2019,37.99687576,,,,
11/15/2019,37.99687576,,,,
11/16/2019,37.99687576,,,,
11/17/2019,37.99687576,,,,
11/18/2019,37.99687576,,,,
11/19/2019,37.99687576,,,,
11/20/2019,37.16471394,,,,
11/21/2019,37.88750076,,,,
11/22/2019,37.88750076,,,,
11/23/2019,37.88750076,,,,
11/24/2019,37.88750076,,,,
11/25/2019,37.88750076,,,,
11/26/2019,37.98320389,,,,
11/27/2019,38.10625076,,,,
11/28/2019,38.10625076,,,,
11/29/2019,38.10625076,,,,
11/30/2019,38.11992264,,,,
12/1/2019,38.6303393,,,,
12/2/2019,35.59700553,,,,
12/3/2019,30.86197917,,,,
12/4/2019,30.01888021,,,,
12/5/2019,29.70898438,,,,
12/6/2019,29.95781247,,,,
12/7/2019,35.62252649,,,,
12/8/2019,38.9338549,,,,
12/9/2019,33.92265558,,,,
12/10/2019,31.71510426,,,,
12/11/2019,31.15273476,,,,
12/12/2019,31.2393233,,,,
12/13/2019,31.13906288,,,,
12/14/2019,30.92942746,,,,
12/15/2019,30.85195351,,,,
12/16/2019,30.63320351,,,,
12/17/2019,30.40078163,,,,
12/18/2019,30.68333371,,,,
12/19/2019,31.73606809,,,,
12/20/2019,31.46718788,,,,
12/21/2019,31.07981809,,,,
12/22/2019,31.15729205,,,,
12/23/2019,31.73606809,,,,
12/24/2019,31.33958371,,,,
12/25/2019,31.16184934,,,,
12/26/2019,31.00690142,,,,
12/27/2019,30.70156288,,,,
12/28/2019,30.46458371,,,,
12/29/2019,30.6414067,,,,
12/30/2019,32.54635557,,,,
12/31/2019,31.70143231,,,,
1/1/2020,31.06796837,,,,
1/2/2020,30.7216142,,DOWN,,
1/3/2020,30.51197879,,,,
1/4/2020,30.33424441,,,,
1/5/2020,30.27044233,,,,
1/6/2020,30.16562462,,,,
1/7/2020,30.07903608,,,,
1/8/2020,29.99700483,,,,
1/9/2020,29.94687462,,,,
1/10/2020,29.96966108,,,,
1/11/2020,30.05624962,,,,
1/12/2020,30.05624962,,,,
1/13/2020,29.98333295,,,,
1/14/2020,29.98789024,,,,
1/15/2020,30.17018191,,,,
1/16/2020,31.72330721,,,,
1/17/2020,35.62890593,,,,
1/18/2020,34.2088534,,,,
1/19/2020,32.67304611,,,,
1/20/2020,31.87096278,,,,
1/21/2020,31.87005218,,,,
1/22/2020,32.70859528,,,,
1/23/2020,32.28476691,,,,
1/24/2020,31.64218712,,,,
1/25/2020,31.30039024,,,,
1/26/2020,32.07513078,,,,
1/27/2020,34.13958486,,,,
1/28/2020,33.11419423,,,,
1/29/2020,32.5308609,,,,
1/30/2020,32.05690193,,,,
1/31/2020,31.5966142,,,,
2/1/2020,31.25937462,,,,
2/2/2020,31.00872358,,,,
2/3/2020,30.8309892,,,,
2/4/2020,28.7555987,,,,
2/5/2020,30.5575517,,,,
2/6/2020,30.49374962,,,,
2/7/2020,30.42083295,,,,
2/8/2020,30.31145795,,,,
2/9/2020,30.19752566,,,,
2/10/2020,30.10729154,,,,
2/11/2020,30.078125,,,,
2/12/2020,29.98697917,,,,
2/13/2020,29.96875,,,,
2/14/2020,29.90039063,,,,
2/15/2020,29.859375,,,,
2/16/2020,29.859375,,,,
2/17/2020,29.80013021,,,,
2/18/2020,29.75,,,,
2/19/2020,29.75,,,,
2/20/2020,29.75,,,,
2/21/2020,29.67252604,,,,
2/22/2020,29.640625,,,,
2/23/2020,29.640625,,,,
2/24/2020,29.640625,,,,
2/25/2020,29.640625,,,,
2/26/2020,29.640625,,,,
2/27/2020,29.56315104,,,,
2/28/2020,31.19374943,,,,
2/29/2020,35.5250001,,,,
3/1/2020,36.92591222,,,,
3/2/2020,37.44088618,,,,
3/3/2020,37.82369868,,,,
3/4/2020,38.31588618,,UP,,
3/5/2020,36.72721322,,,,
3/6/2020,38.30312347,,,,
3/7/2020,38.30312347,,,,
3/8/2020,38.30312347,,,,
3/9/2020,38.30312347,,,,
3/10/2020,38.30312347,,,,
3/11/2020,38.30312347,,,,
3/12/2020,38.30312347,,,,
3/13/2020,38.30312347,,,,
3/14/2020,38.30312347,,,,
3/15/2020,38.30312347,,,,
3/16/2020,38.30312347,,,,
3/17/2020,38.30312347,,,,
3/18/2020,38.30312347,,,,
3/19/2020,38.30312347,,,,
3/20/2020,38.30312347,,,,
3/21/2020,38.30312347,,,,
3/22/2020,38.30312347,,,,
3/23/2020,38.30312347,,,,
3/24/2020,38.30312347,,,,
3/25/2020,38.30312347,,,,
3/26/2020,38.30312347,,,,
3/27/2020,38.30312347,,,,
3/28/2020,38.30312347,,,,
3/29/2020,38.30312347,,,,
3/30/2020,38.30312347,,,,
3/31/2020,38.30312347,,,,
4/1/2020,38.30312347,,,,
4/2/2020,38.30312347,,,,
4/3/2020,38.30312347,,,,
4/4/2020,38.30312347,,,,
4/5/2020,38.30312347,,,,
4/6/2020,38.52187347,,,,
4/7/2020,38.63124847,,,,
4/8/2020,38.51275889,,,,
4/9/2020,38.41249847,,,,
4/10/2020,38.35325368,,,,
4/11/2020,38.30312347,,,,
4/12/2020,38.30312347,,,,
4/13/2020,38.26210785,,,,
4/14/2020,38.19374847,,,,
4/15/2020,38.19374847,,,,
4/16/2020,38.19374847,,,,
4/17/2020,38.19374847,,,,
4/18/2020,38.19374847,,,,
4/19/2020,38.14361827,,,,
4/20/2020,38.08437347,,,,
4/21/2020,38.08437347,,,,
4/22/2020,38.08437347,,,,
4/23/2020,38.08437347,,,,
4/24/2020,38.08437347,,,,
4/25/2020,38.08437347,,,,
4/26/2020,38.01145681,,,,
4/27/2020,37.953125,,,,
4/28/2020,37.87798973,,,,
4/29/2020,37.84375,,,,
4/30/2020,37.84375,,,,
5/1/2020,37.84375,,,,
5/2/2020,37.84375,,,,
5/3/2020,37.84375,,,,
5/4/2020,37.81093788,,,,
5/5/2020,37.77812576,,,,
5/6/2020,37.77812576,,,,
5/7/2020,37.77812576,,,,
5/8/2020,37.77812576,,,,
5/9/2020,37.77812576,,,,
5/10/2020,37.77812576,,,,
5/11/2020,37.76536401,,,,
5/12/2020,37.75624847,,,,
5/13/2020,37.75624847,,,,
5/14/2020,37.75624847,,,,
5/15/2020,37.75624847,,,,
5/16/2020,37.75624847,,,,
5/17/2020,37.77538919,,,,
5/18/2020,37.93671799,,,,
5/19/2020,38.14817683,,,,
5/20/2020,38.20195389,,,,
5/21/2020,38.10625076,,,,
5/22/2020,38.0287768,,,,
5/23/2020,37.98776118,,,,
5/24/2020,37.88750076,,,,
5/25/2020,37.88750076,,,,
5/26/2020,37.87382889,,,,
5/27/2020,37.77812576,,,,
5/28/2020,37.77812576,,,,
5/29/2020,37.77812576,,,,
5/30/2020,37.77812576,,,,
5/31/2020,37.77812576,,,,
6/1/2020,37.77812576,,,,
6/2/2020,37.77812576,,,,
6/3/2020,37.77812576,,,,
6/4/2020,37.72799555,,,,
6/5/2020,37.66875076,,,,
6/6/2020,37.61862055,,,,
6/7/2020,37.55937576,,,,
6/8/2020,37.55937576,,,,
6/9/2020,37.55937576,,,,
6/10/2020,37.55937576,,,,
6/11/2020,37.55937576,,,,
6/12/2020,37.55937576,,,,
6/13/2020,37.55937576,,,,
6/14/2020,37.55937576,,,,
6/15/2020,37.55937576,,,,
6/16/2020,37.55937576,,,,
6/17/2020,37.55937576,,,,
6/18/2020,37.55937576,,,,
6/19/2020,37.45455805,,,,
6/20/2020,37.49557368,,,,
6/21/2020,37.55937576,,,,
6/22/2020,37.55937576,,,,
6/23/2020,37.55937576,,,,
6/24/2020,37.55937576,,,,
6/25/2020,37.58216222,,,,
6/26/2020,37.66875076,,,,
6/27/2020,37.66875076,,,,
6/28/2020,37.66875076,,,,
6/29/2020,37.66875076,,,,
6/30/2020,37.66875076,,,,
7/1/2020,37.66875076,,,,
7/2/2020,37.66875076,,,,
7/3/2020,37.66875076,,,,
7/4/2020,37.66875076,,,,
7/5/2020,37.66875076,,,,
7/6/2020,37.56666629,,,,
7/7/2020,37.42812347,,,,
7/8/2020,37.50286452,,,,
7/9/2020,37.56484461,,,,
7/10/2020,37.501043,,,,
7/11/2020,37.52291743,,,,
7/12/2020,37.55937576,,,,
7/13/2020,37.55937576,,,,
7/14/2020,37.55937576,,,,
7/15/2020,37.5438811,,,,
7/16/2020,37.52473958,,,,
7/17/2020,37.42448028,,,,
7/18/2020,37.53476636,,,,
7/19/2020,37.55846278,,,,
7/20/2020,37.58124924,,,,
7/21/2020,37.58124924,,,,
7/22/2020,37.60221418,,,,
7/23/2020,37.60312653,,,,
7/24/2020,37.60312653,,,,
7/25/2020,37.60312653,,,,
7/26/2020,37.60312653,,,,
7/27/2020,37.60312653,,,,
7/28/2020,37.60312653,,,,
7/29/2020,37.52838627,,,,
7/30/2020,37.515625,,,,
7/31/2020,37.515625,,,,
8/1/2020,37.52838484,,,,
8/2/2020,37.51926931,,,,
8/3/2020,37.48736874,,,,
8/4/2020,37.5220054,,,,
8/5/2020,37.44544347,,,,
8/6/2020,37.31510448,,,,
8/7/2020,37.296875,,,,
8/8/2020,37.296875,,,,
8/9/2020,37.296875,,,,
8/10/2020,37.36523422,,,,
8/11/2020,37.34973907,,,,
8/12/2020,37.36158784,,,,
8/13/2020,37.36249924,,,,
8/14/2020,35.09934862,,,,
8/15/2020,37.27044423,,,,
8/16/2020,37.17109394,,,,
8/17/2020,37.23307292,,,,
8/18/2020,37.44179757,,,,
8/19/2020,37.49375153,,,,
8/20/2020,37.49375153,,,,
8/21/2020,37.49375153,,,,
8/22/2020,37.49375153,,,,
8/23/2020,37.49375153,,,,
8/24/2020,37.49375153,,,,
8/25/2020,37.49375153,,,,
8/26/2020,37.52291616,,,,
8/27/2020,37.46002452,,,,
8/28/2020,37.42812347,,,,
8/29/2020,37.42812347,,,,
8/30/2020,37.42812347,,,,
8/31/2020,37.42812347,,,,
9/1/2020,37.42812347,,,,
9/2/2020,37.42812347,,,,
9/3/2020,37.4873689,,,,
9/4/2020,37.40169271,,,,
9/5/2020,37.25585938,,,,
9/6/2020,37.05533854,,,,
9/7/2020,36.83658854,,,,
9/8/2020,36.62695344,,,,
9/9/2020,36.64791743,,,,
9/10/2020,36.97148514,,,,
9/11/2020,37.27682368,,,,
9/12/2020,37.43632889,,,,
9/13/2020,37.45000076,,,,
9/14/2020,37.45000076,,,,
9/15/2020,37.45000076,,,,
9/16/2020,37.45000076,,,,
9/17/2020,37.45000076,,,,
9/18/2020,37.45000076,,,,
9/19/2020,37.45000076,,,,
9/20/2020,37.45000076,,,,
9/21/2020,37.45000076,,,,
9/22/2020,37.45000076,,,,
9/23/2020,37.4380677,,,,
9/24/2020,37.42812347,,,,
9/25/2020,37.42812347,,,,
9/26/2020,37.3233064,,,,
9/27/2020,37.03073057,,,,
9/28/2020,37.42083486,,,,
9/29/2020,37.27500153,,,,
9/30/2020,37.33424632,,,,
10/1/2020,37.38437653,,,,
10/2/2020,37.38437653,,,,
10/3/2020,37.38437653,,,,
10/4/2020,37.38437653,,,,
10/5/2020,37.38437653,,,,
10/6/2020,37.38437653,,,,
10/7/2020,37.38437653,,,,
10/8/2020,37.38437653,,,,
10/9/2020,37.38437653,,,,
10/10/2020,37.38437653,,,,
10/11/2020,37.38437653,,,,
10/12/2020,37.38437653,,,,
10/13/2020,37.36341286,,,,
10/14/2020,37.3433609,,,,
10/15/2020,37.18385569,,,,
10/16/2020,37.06536611,,,,
10/17/2020,37.01549066,,,,
10/18/2020,36.96250153,,,,
10/19/2020,37.01860757,,,,
10/20/2020,36.90353377,,,,
10/21/2020,36.82838694,,,,
10/22/2020,36.67343903,,,,
10/23/2020,36.51393382,,,,
10/24/2020,36.51393382,,,,
10/25/2020,36.61875153,,,,
10/26/2020,36.62786611,,,,
10/27/2020,36.61875153,,,,
10/28/2020,36.64918419,,,,
10/29/2020,36.94049327,,,,
10/30/2020,37.30051931,,,,
10/31/2020,37.31874847,,,,
11/1/2020,37.41499847,,,,
11/2/2020,37.42812347,,,,
11/3/2020,37.43104045,,,,
11/4/2020,37.42812347,,,,
11/5/2020,,,,,
11/6/2020,,,,,
11/7/2020,,,,,
11/8/2020,,,,,
11/9/2020,37.38437653,,,,
11/10/2020,37.38437653,,,,
11/11/2020,37.48007965,,,,
11/12/2020,37.49375153,,,,
11/13/2020,,,,,
11/14/2020,,,,,
11/15/2020,,,,,
11/16/2020,37.734375,,,,
11/17/2020,37.734375,,,,
11/18/2020,30.68389467,,,,
11/19/2020,37.82187653,,,,
11/20/2020,37.71250153,,,,
11/21/2020,37.71250153,,,,
11/22/2020,37.71250153,,,,
11/23/2020,37.71250153,,,,
11/24/2020,37.71250153,,,,
11/25/2020,37.71250153,,,,
11/26/2020,37.71250153,,,,
11/27/2020,37.71250153,,,,
11/28/2020,37.71250153,,,,
11/29/2020,37.71250153,,,,
11/30/2020,37.69062424,,,,
12/1/2020,37.69062424,,,,
12/2/2020,37.69062424,,,,
12/3/2020,37.69062424,,,,
12/4/2020,37.69062424,,,,
12/5/2020,37.69062424,,,,
12/6/2020,37.69062424,,,,
12/7/2020,37.69062424,,,,
12/8/2020,37.69062424,,,,
12/9/2020,37.69062424,,,,
12/10/2020,37.69062424,,,,
12/11/2020,37.69062424,,,,
12/12/2020,37.69062424,,,,
12/13/2020,37.74531174,,,,
12/14/2020,37.79999924,,,,
12/15/2020,37.79999924,,,,
12/16/2020,37.79999924,,,,
12/17/2020,37.90025965,,,,
12/18/2020,37.90937424,,,,
12/19/2020,37.82734299,,,,
12/20/2020,37.79999924,,,,
12/21/2020,37.79999924,,,,
12/22/2020,37.75720082,,,,
12/23/2020,37.734375,,,,
12/24/2020,37.67057292,,,,
12/25/2020,37.68880208,,,,
12/26/2020,37.84375,,,,
12/27/2020,37.84375,,,,
12/28/2020,37.84375,,,,
12/29/2020,37.84375,,,,
12/30/2020,37.84375,,,,
12/31/2020,37.84375,,,,
1/1/2021,37.77994792,,,,
1/2/2021,37.734375,,,,
1/3/2021,37.734375,,,,
1/4/2021,37.1710937,,,,
1/5/2021,38.27669271,,,,
1/6/2021,38.33138021,,,,
1/7/2021,38.30403646,,,,
1/8/2021,38.28125,,,,
1/9/2021,38.24023438,,,,
1/10/2021,38.26757813,,,,
1/11/2021,38.24479167,,,,
1/12/2021,38.171875,,,,
1/13/2021,38.171875,,,,
1/14/2021,38.171875,,,,
1/15/2021,38.27213542,,,,
1/16/2021,38.28125,,,,
1/17/2021,38.24023438,,,,
1/18/2021,38.171875,,,,
1/19/2021,38.171875,,,,
1/20/2021,38.171875,,,,
1/21/2021,38.04882813,,DOWN,,
1/22/2021,37.953125,,,,
1/23/2021,37.953125,,,,
1/24/2021,37.953125,,,,
1/25/2021,37.953125,,,,
1/26/2021,32.82708343,,,,
1/27/2021,30.61132813,,,,
1/28/2021,31.78255208,,,,
1/29/2021,32.36132813,,,,
1/30/2021,31.60026042,,,,
1/31/2021,30.77539063,,,,
2/1/2021,30.36067708,,,,
2/2/2021,31.15364583,,,,
2/3/2021,32.37044271,,,,
2/4/2021,31.46901067,,,,
2/5/2021,30.87929726,,,,
2/6/2021,30.49192746,,,,
2/7/2021,30.2002608,,,,
2/8/2021,29.99518267,,,,
2/9/2021,29.80833371,,,,
2/10/2021,29.69440142,,,,
2/11/2021,29.66250038,,,,
2/12/2021,29.66250038,,,,
2/13/2021,29.69440142,,,,
2/14/2021,29.71718788,,,,
2/15/2021,29.77187538,,,,
2/16/2021,29.80377642,,,,
2/17/2021,29.98606809,,,,
2/18/2021,29.88125038,,,,
2/19/2021,29.72174517,,,,
2/20/2021,29.66250038,,,,
2/21/2021,29.68072955,,,,
2/22/2021,29.77187538,,,,
2/23/2021,29.7080733,,,,
2/24/2021,29.66250038,,,,
2/25/2021,29.52578163,,,,
2/26/2021,29.44375038,,,,
2/27/2021,29.33893267,,,,
2/28/2021,29.25690142,,,,
3/1/2021,29.22500038,,,,
3/2/2021,29.17552121,,,,
3/3/2021,29.13750076,,,,
3/4/2021,29.13750076,,,,
3/5/2021,29.03724035,,,,
3/6/2021,29.02812576,,,,
3/7/2021,29.02812576,,,,
3/8/2021,29.07187525,,,,
3/9/2021,29.09830729,,,,
3/10/2021,28.88684885,,,,
3/11/2021,29.92864521,,,,
3/12/2021,30.20299403,,,,
3/13/2021,30.03437424,,,,
3/14/2021,29.83464664,,,,
3/15/2021,29.9268233,,,,
3/16/2021,30.14739561,,,,
3/17/2021,29.98333295,,,,
3/18/2021,29.92408816,,,,
3/19/2021,30.24765587,,,,
3/20/2021,30.24309858,,,,
3/21/2021,30.04257774,,,,
3/22/2021,29.86940066,,,,
3/23/2021,29.74361928,,,,
3/24/2021,29.64427034,,,,
3/25/2021,29.5573864,,,,
3/26/2021,29.44921851,,,,
3/27/2021,29.39999962,,,,
3/28/2021,29.29062462,,,,
3/29/2021,29.21315066,,,,
3/30/2021,29.18124962,,,,
3/31/2021,29.18124962,,,,
4/1/2021,29.10377566,,,,
4/2/2021,29.07187462,,,,
4/3/2021,29.07187462,,,,
4/4/2021,28.99895795,,,,
4/5/2021,28.96249962,,,,
4/6/2021,28.96249962,,,,
4/7/2021,28.88046837,,,,
4/8/2021,31.19101612,,,,
4/9/2021,34.31822856,,,,
4/10/2021,35.51861827,,,,
4/11/2021,36.24778493,,,,
4/12/2021,36.34270827,,,,
4/13/2021,36.43437576,,,,
4/14/2021,36.484375,,,,
4/15/2021,36.484375,,,,
4/16/2021,36.640625,,,,
4/17/2021,36.640625,,,,
4/18/2021,36.640625,,,,
4/19/2021,36.68437576,,,,
4/20/2021,36.68163999,,,,
4/21/2021,36.5640626,,,,
4/22/2021,36.80286535,,,,
4/23/2021,36.92135493,,,,
4/24/2021,37.05807368,,,,
4/25/2021,37.21757889,,,,
4/26/2021,37.45000076,,,,
4/27/2021,37.55937576,,,,
4/28/2021,37.59583473,,,,
4/29/2021,37.61834286,,,,
4/30/2021,37.625,,,,
5/1/2021,37.67513021,,,,
5/2/2021,37.77083333,,,,
5/3/2021,37.84375,,,,
5/4/2021,37.91666667,,,,
5/5/2021,38.15455786,,UP,,
5/6/2021,37.50104086,,,,
5/7/2021,38.30312347,,,,
5/8/2021,37.53567608,,,,
5/9/2021,38.35690053,,,,
5/10/2021,38.34687424,,,,
5/11/2021,38.38788986,,,,
5/12/2021,38.45624924,,,,
5/13/2021,38.45624924,,,,
5/14/2021,38.45624924,,,,
5/15/2021,38.45624924,,,,
5/16/2021,38.45624924,,,,
5/17/2021,38.45624924,,,,
5/18/2021,38.45624924,,,,
5/19/2021,38.45624924,,,,
5/20/2021,38.43802007,,,,
5/21/2021,38.45624924,,,,
5/22/2021,38.45624924,,,,
5/23/2021,38.45624924,,,,
5/24/2021,38.45624924,,,,
5/25/2021,38.45624924,,,,
5/26/2021,38.45624924,,,,
5/27/2021,38.45624924,,,,
5/28/2021,38.45624924,,,,
5/29/2021,38.45624924,,,,
5/30/2021,38.4717439,,,,
5/31/2021,38.52187347,,,,
6/1/2021,38.52187347,,,,
6/2/2021,38.52187347,,,,
6/3/2021,38.52187347,,,,
6/4/2021,38.52187347,,,,
6/5/2021,38.52187347,,,,
6/6/2021,38.52187347,,,,
6/7/2021,38.01236916,,,,
6/8/2021,37.22395833,,,,
6/9/2021,36.859375,,,,
6/10/2021,36.80924479,,,,
6/11/2021,36.75,,,,
6/12/2021,36.75,,,,
6/13/2021,36.79557292,,,,
6/14/2021,36.84570313,,,,
6/15/2021,36.80924479,,,,
6/16/2021,36.67434851,,,,
6/17/2021,36.70624924,,,,
6/18/2021,36.70169195,,,,
6/19/2021,36.59389149,,,,
6/20/2021,36.57500076,,,,
6/21/2021,36.57500076,,,,
6/22/2021,35.90885369,,,,
6/23/2021,35.26132886,,,,
6/24/2021,35.9214859,,,,
6/25/2021,36.12656403,,,,
6/26/2021,36.21315257,,,,
6/27/2021,36.29062653,,,,
6/28/2021,36.02356799,,,,
6/29/2021,35.01549403,,,,
6/30/2021,34.58710861,,,,
7/1/2021,34.42304611,,,,
7/2/2021,34.07148345,,,,
7/3/2021,33.41250038,,,,
7/4/2021,33.87916629,,,,
7/5/2021,34.04166667,,,,
7/6/2021,34.23502525,,,,
7/7/2021,34.06028493,,,,
7/8/2021,33.89622291,,,,
7/9/2021,33.27187443,,,,
7/10/2021,32.82799562,,,,
7/11/2021,33.00846267,,,,
7/12/2021,33.68138107,,,,
7/13/2021,33.94114621,,,,
7/14/2021,34.21979157,,,,
7/15/2021,34.27721421,,,,
7/16/2021,34.23073069,,,,
7/17/2021,33.97552236,,,,
7/18/2021,33.80234528,,,,
7/19/2021,34.1277353,,,,
7/20/2021,34.04114517,,,,
7/21/2021,33.60820293,,,,
7/22/2021,33.41223987,,,,
7/23/2021,32.7869792,,,,
7/24/2021,31.7351559,,,,
7/25/2021,32.3002607,,,,
7/26/2021,33.09021726,,,,
7/27/2021,32.34921892,,,,
7/28/2021,32.09973915,,,,
7/29/2021,30.42812506,,,,
7/30/2021,31.96848989,,,,
7/31/2021,32.22096388,,,,
8/1/2021,32.03684855,,,,
8/2/2021,33.3037765,,,,
8/3/2021,33.23177012,,,,
8/4/2021,32.60559909,,,,
8/5/2021,31.74700594,,,,
8/6/2021,32.25104133,,,,
8/7/2021,33.37942664,,,,
8/8/2021,32.69036404,,,,
8/9/2021,32.89817619,,,,
8/10/2021,32.89453125,,,,
8/11/2021,32.13423911,,,,
8/12/2021,32.46349421,,,,
8/13/2021,32.07421891,,,,
8/14/2021,33.07682212,,,,
8/15/2021,32.92460847,,,,
8/16/2021,32.8444012,,,,
8/17/2021,32.6602869,,,,
8/18/2021,30.49772722,,,,
8/19/2021,31.27078819,,,,
8/20/2021,29.3771738,,,,
8/21/2021,29.46015573,,,,
8/22/2021,29.68346365,,,,
8/23/2021,28.85130175,,,,
8/24/2021,29.77187498,,,,
8/25/2021,29.91497382,,,,
8/26/2021,29.5996093,,,,
8/27/2021,29.24401005,,,,
8/28/2021,29.10833327,,,,
8/29/2021,28.8572917,,,,
8/30/2021,29.34205739,,,,
8/31/2021,29.00807301,,,,
9/1/2021,28.8531251,,,,
9/2/2021,28.91874973,,,,
9/3/2021,29.1611975,,,,
9/4/2021,29.11653598,,,,
9/5/2021,28.90690104,,,,
9/6/2021,29.20039074,,,,
9/7/2021,28.84947936,,,,
9/8/2021,29.11835925,,,,
9/9/2021,29.19583313,,,,
9/10/2021,28.68723957,,,,
9/11/2021,28.86041681,,,,
9/12/2021,29.07825494,,,,
9/13/2021,29.67252596,,,,
9/14/2021,32.80976613,,,,
9/15/2021,32.24010436,,,,
9/16/2021,32.30664015,,,,
9/17/2021,35.12669118,,,,
9/18/2021,33.73489459,,,,
9/19/2021,29.93593748,,,,
9/20/2021,33.03398307,,,,
9/21/2021,32.24192659,,,,
9/22/2021,30.56028628,,,,
9/23/2021,33.13606826,,,,
9/24/2021,32.6110669,,,,
9/25/2021,34.97630056,,,,
9/26/2021,35.13124847,,,,
9/27/2021,35.18137868,,,,
9/28/2021,35.2643218,,,,
9/29/2021,35.28437424,,,,
9/30/2021,35.28247203,,,,
10/1/2021,35.1932284,,,,
10/2/2021,35.10208257,,,,
10/3/2021,35.06562424,,,,
10/4/2021,35.06562424,,,,
10/5/2021,35.06562424,,,,
10/6/2021,35.14765549,,,,
10/7/2021,35.24335861,,,,
10/8/2021,35.28437424,,,,
10/9/2021,35.18867111,,,,
10/10/2021,35.18867111,,,,
10/11/2021,34.0292964,,,,
10/12/2021,34.36835957,,,,
10/13/2021,34.52421951,,,,
10/14/2021,34.49687576,,,,
10/15/2021,34.49687576,,,,
10/16/2021,34.49687576,,,,
10/17/2021,34.49687576,,DOWN,,
10/18/2021,34.61536439,,,,
10/19/2021,33.6191411,,,,
10/20/2021,34.88997539,,,,
10/21/2021,33.7615881,,,,
10/22/2021,35.98437452,,,,
10/23/2021,34.61992176,,,,
10/24/2021,37.36705748,,,,
10/25/2021,41.29362011,,,,
10/26/2021,27.05390676,,,,
10/27/2021,19.27187538,,,,
10/28/2021,19.26302099,,,,
10/29/2021,19.25,,,,
10/30/2021,19.25,,,,
10/31/2021,19.25,,,,
11/1/2021,19.25,,,,
11/2/2021,19.25833321,,,,
11/3/2021,19.25,,,,
11/4/2021,19.25,,,,
11/5/2021,19.25,,,,
11/6/2021,19.25,,,,
11/7/2021,19.25,,,,
11/8/2021,19.25,,,,
11/9/2021,19.25,,,,
11/10/2021,,,,,
11/11/2021,,,,,
11/12/2021,,,,,
11/13/2021,,,,,
11/14/2021,,,,,
11/15/2021,,,,,
11/16/2021,,,,,
11/17/2021,,,,,
11/18/2021,,,,,
11/19/2021,19.25,,,,
11/20/2021,19.25,,,,
11/21/2021,19.25,,,,
11/22/2021,19.25,,,,
11/23/2021,19.2520833,,,,
11/24/2021,19.25,,,,
11/25/2021,19.25,,,,
11/26/2021,19.25,,,,
11/27/2021,19.25,,,,
11/28/2021,19.25,,,,
11/29/2021,19.25,,,,
11/30/2021,19.25,,,,
12/1/2021,19.25,,,,
12/2/2021,19.25,,,,
12/3/2021,19.25,,,,
12/4/2021,19.25,,,,
12/5/2021,19.25,,,,
12/6/2021,19.25,,,,
12/7/2021,19.25,,,,
12/8/2021,19.25,,,,
12/9/2021,19.25,,,,
12/10/2021,19.25,,,,
12/11/2021,19.25,,,,
12/12/2021,19.25,,,,
12/13/2021,19.25,,,,
12/14/2021,19.25,,,,
12/15/2021,19.25,,,,
12/16/2021,19.25,,,,
12/17/2021,19.25,,,,
12/18/2021,19.25,,,,
12/19/2021,19.25,,,,
12/20/2021,19.25,,,,
12/21/2021,19.25,,,,
12/22/2021,19.25,,,,
12/23/2021,19.25,,,,
12/24/2021,19.25,,,,
12/25/2021,19.25,,,,
12/26/2021,19.25,,,,
12/27/2021,19.25,,,,
12/28/2021,19.25,,,,
12/29/2021,19.25,,,,
12/30/2021,19.25,,,,
12/31/2021,19.25,,,,
1/1/2022,19.25,,,,
1/2/2022,19.25,,,,
1/3/2022,19.25,,,,
1/4/2022,19.25,,,,
1/5/2022,19.25,,,,
1/6/2022,19.25,,,,
1/7/2022,19.25,,,,
1/8/2022,19.25,,,,
1/9/2022,19.25,,,,
1/10/2022,28.23333279,,,,
1/11/2022,31.61119715,,,,
1/12/2022,31.35143153,,,,
1/13/2022,31.14179611,,,,
1/14/2022,30.96406174,,,,
1/15/2022,30.83190028,,,,
1/16/2022,30.71796799,,,,
1/17/2022,30.60859299,,,,
1/18/2022,30.50833257,,,,
1/19/2022,30.41380135,,,,
1/20/2022,29.79062502,,,,
1/21/2022,30.21132874,,,,
1/22/2022,30.22122455,,,,
1/23/2022,30.1875,,,,
1/24/2022,30.11002604,,,,
1/25/2022,30.078125,,,,
1/26/2022,30.00520833,,,,
1/27/2022,29.96875,,,,
1/28/2022,29.88671875,,,,
1/29/2022,29.859375,,,,
1/30/2022,29.78190104,,,,
1/31/2022,29.75,,,,
2/1/2022,29.68867215,,,,
2/2/2022,27.88333392,,,,
2/3/2022,28.22877661,,,,
2/4/2022,29.46562576,,,,
2/5/2022,29.3927091,,,,
2/6/2022,29.35625076,,,,
2/7/2022,28.85859434,,,,
2/8/2022,29.19765615,,,,
2/9/2022,29.15937424,,,,
2/10/2022,29.08190028,,,,
2/11/2022,29.04999924,,,,
2/12/2022,28.97252528,,,,
2/13/2022,28.94062424,,,,
2/14/2022,28.88593674,,,,
2/15/2022,28.83124924,,,,
2/16/2022,28.75377528,,,,
2/17/2022,28.72187424,,,,
2/18/2022,28.64440028,,,,
2/19/2022,28.61249924,,,,
2/20/2022,28.61249924,,,,
2/21/2022,28.61249924,,,,
2/22/2022,28.53502528,,,,
2/23/2022,28.50312424,,,,
2/24/2022,28.43476486,,,,
2/25/2022,28.39374924,,,,
2/26/2022,28.39374924,,,,
2/27/2022,28.39374924,,,,
2/28/2022,28.31627528,,,,
3/1/2022,28.28437424,,,,
3/2/2022,28.28437424,,,,
3/3/2022,28.28437424,,,,
3/4/2022,28.28437424,,,,
3/5/2022,28.20234299,,,,
3/6/2022,28.17499924,,,,
3/7/2022,28.17499924,,,,
3/8/2022,28.17499924,,,,
3/9/2022,28.17499924,,,,
3/10/2022,28.17499924,,,,
3/11/2022,28.17499924,,,,
3/12/2022,28.17499924,,,,
3/13/2022,28.17499924,,,,
3/14/2022,28.29348882,,,,
3/15/2022,28.38007736,,,,
3/16/2022,28.42565028,,,,
3/17/2022,28.55325445,,,,
3/18/2022,28.72187424,,,,
3/19/2022,28.72187424,,,,
3/20/2022,28.72187424,,,,
3/21/2022,29.99609335,,,,
3/22/2022,33.78138041,,,,
3/23/2022,30.79088656,,,,
3/24/2022,37.20664104,,,,
3/25/2022,37.31874847,,,,
3/26/2022,37.31874847,,,,
3/27/2022,37.31874847,,,,
3/28/2022,37.33789047,,,,
3/29/2022,37.19205777,,,,
3/30/2022,37.1875,,,,
3/31/2022,37.26041667,,,,
4/1/2022,37.2421875,,,,
4/2/2022,37.1875,,,,
4/3/2022,37.1875,,,,
4/4/2022,37.078125,,,,
4/5/2022,37.078125,,,,
4/6/2022,37.20572917,,,,
4/7/2022,37.34700521,,,,
4/8/2022,37.40625,,,,
4/9/2022,37.30371094,,,,
4/10/2022,37.296875,,,,
4/11/2022,37.19205729,,,,
4/12/2022,37.05078125,,,,
4/13/2022,36.88216146,,,,
4/14/2022,36.9140625,,,,
4/15/2022,37.24674479,,,,
4/16/2022,37.71614583,,,,
4/17/2022,38.0625,,,,
4/18/2022,38.10807292,,UP,,
4/19/2022,38.02604167,,,,
4/20/2022,37.26406264,,,,
4/21/2022,38.08072917,,,,
4/22/2022,38.51367188,,,,
4/23/2022,38.54101563,,,,
4/24/2022,38.42252604,,,,
4/25/2022,38.29036458,,,,
4/26/2022,38.19466146,,,,
4/27/2022,38.08984375,,,,
4/28/2022,38.08802096,,,,
4/29/2022,37.93125153,,,,
4/30/2022,37.85377757,,,,
5/1/2022,37.82187653,,,,
5/2/2022,37.82187653,,,,
5/3/2022,37.78997548,,,,
5/4/2022,37.82187653,,,,
5/5/2022,37.82187653,,,,
5/6/2022,37.82187653,,,,
5/7/2022,37.76718903,,,,
5/8/2022,37.71250153,,,,
5/9/2022,37.71250153,,,,
5/10/2022,37.71250153,,,,
5/11/2022,37.65325673,,,,
5/12/2022,37.60312653,,,,
5/13/2022,37.60312653,,,,
5/14/2022,37.60312653,,,,
5/15/2022,37.60312653,,,,
5/16/2022,37.60312653,,,,
5/17/2022,37.60312653,,,,
5/18/2022,37.58034007,,,,
5/19/2022,37.43906403,,,,
5/20/2022,37.15651194,,,,
5/21/2022,36.82838694,,,,
5/22/2022,36.54127757,,,,
5/23/2022,36.31419373,,,,
5/24/2022,36.01195758,,,,
5/25/2022,35.60584392,,,,
5/26/2022,35.18320465,,,,
5/27/2022,34.97812653,,,,
5/28/2022,34.87330882,,,,
5/29/2022,34.80039215,,,,
5/30/2022,34.80950673,,,,
5/31/2022,34.86875153,,,,
